date,,Walmart,Exxon Mobil,Apple,Berkshire Hathaway,Amazon,UnitedHealth Group,McKesson,CVS Health,ATT,AmerisourceBergen,Chevron,Ford Motor,General Motors,Costco Wholesale,Alphabet,Cardinal Health,JPMorgan Chase,Verizon Communications,Kroger,General Electric,Fannie Mae,Phillips 66,Valero Energy,Bank of America,Microsoft,Home Depot,Boeing,Wells Fargo,Citigroup,Marathon Petroleum,Comcast,Anthem,Dell Technologies,DuPont,State Farm Insurance,Johnson Johnson,IBM,Target,Freddie Mac,United Parcel Service,Lowes,Intel,MetLife,Procter Gamble,United Technologies,FedEx,PepsiCo,Archer Daniels Midland,Prudential Financial,Centene,Albertsons,Walt Disney,Sysco,HP,Humana,Facebook,Caterpillar,Energy Transfer,Lockheed Martin,Pfizer,Goldman Sachs,Morgan Stanley,Cisco Systems,Cigna,AIG,HCA Healthcare,American Airlines Group,Delta Air Lines,Charter Communications,New York Life Insurance,American Express,Nationwide,Best Buy,Liberty Mutual Insurance,Merck,TIAA,Tyson Foods,Oracle,Allstate,World Fuel,TJX,ConocoPhillips,Deere,Tech Data,Nike,Publix Super Markets,General Dynamics,Exelon,PAGP,3M,AbbVie,CHS,Capital One Financial,Progressive,Coca-Cola,USAA,Hewlett Packard Enterprise,Abbott Laboratories,21 Century Fox,Micron Technology,Travelers,Rite Aid,Northrop Grumman,Arrow Electronics,Philip Morris,Northwestern Mutual,FCStone,PBF Energy,Raytheon,Kraft Heinz,Mondelez,US Bancorp,Macys,Dollar General,Nucor,Starbucks,DXC Technology,Eli Lilly,Thermo Fisher Scientific,US Foods,Duke Energy,Halliburton,Cummins,Amgen,Paccar,Southern,CenturyLink,International Paper,Union Pacific,Dollar Tree,Penske Automotive,Qualcomm,Bristol Myers Squibb,Gilead Sciences,Jabil,Southwest Airlines,Aflac,Tesla,AutoNation,CBRE Group,Lear,Whirlpool,McDonald,Broadcom,Marriott,Western Digital,Visa,Lennar,WellCare,Kohls,AECOM,Synnex,PNC,Danaher,Hartford,Bank of New York Mellon,Fluor,Avnet,Icahn Enterprises,Occidental Petroleum,Molina Healthcare,Genuine Parts,Freeport McMoRan,Kimberly Clark,Tenet Healthcare,Synchrony Financial,CarMax,HollyFrontier,Performance Food Group,Sherwin Williams,Emerson Electric,XPO Logistics,EOG Resources,Applied Materials,PG&E,NextEra Energy,CH Robinson,Gap,Lincoln National,DaVita,WestRock,CDW,American Electric Power,Cognizant Technology Solutions,D.R. Horton,Becton Dickinson,Nordstrom,Netflix,Aramark,Texas Instruments,General Mills,Supervalu,Colgate Palmolive,PayPal,PPG,Omnicom,Celgene,Jacobs Engineering,Ross Stores,Marsh McLennan,Mastercard,Land O Lakes,Waste Management,Illinois Tool Works,Ecolab,Booking Holdings,CBS,Parker Hannifin,Principal Financial,DTE Energy,BlackRock,United States Steel,Community Health Systems,Kinder Morgan,Qurate Retail,Loews,Arconic,Stanley Black & Decker,Textron,Las Vegas Sands,Estee Lauder,DISH Network,Stryker,Kellogg,Biogen,Alcoa,Anadarko Petroleum,Dominion Energy,ADP,salesforce,L Brands,Henry Schein,Newell Brands,Guardian Life,BJs Wholesale Club,BB&T,State Street,Viacom,Ameriprise,Core Mark,RGA,VF,Discover Financial Services,Global Partners,Edison International,Oneok,Murphy USA,Bed Bath & Beyond,CSX,J C Penney,LKQ,FirstEnergy,Steel Dynamics,Lithia Motors,MGM Resorts,Tenneco,Nvidia,Sempra Energy,Farmers Insurance,Ball,Unum,Xcel Energy,Reliance Steel,Huntsman,Norfolk Southern,LabCorp,Corning,Expedia,AutoZone,WW Grainger,Crown Holdings,Office Depot,Baxter International,Lam Research,Entergy,Charles Schwab,L3 Technologies,NRG Energy,Live Nation Entertainment,Universal Health Services,eBay,AES,Devon Energy,Pacific Life,CenterPoint Energy,Discovery,BorgWarner,Ally Financial,SunTrust Banks,Chesapeake Energy,United Natural Foods,Eastman Chemical,Republic Services,Mohawk Industries,Sonic Automotive,Owens Minor,Xerox,Boston Scientific,DCP Midstream,Autoliv,Interpublic Group,PVH,Mosaic,Advance Auto Parts,Altice USA,Hormel Foods,O'Reilly Automotive,Calpine,Hertz Global Holdings,First Data,Pioneer Natural Resources,Coty,AGCO,Mutual of Omaha Insurance,Vistra Energy,Adobe,Peter Kiewit Sons,Brighthouse Financial,Voya Financial,GameStop,Veritiv,Williams,Campbell Soup,Rockwell Collins,Univar,Frontier Communications,National Oilwell Varco,Eversource Energy,Dicks Sporting Goods,Fidelity National Information Services,Ryder System,Caesars Entertainment,Masco,Thor Industries,Amphenol,Huntington Ingalls Industries,Jefferies Financial Group,Dana,Darden Restaurants,SpartanNash,Assurant,United Rentals,Liberty Media,Auto Owners Insurance,Cheniere Energy,Foot Locker,Tractor Supply,Hershey,PPL,Dean Foods,Builders FirstSource,Oshkosh,EnLink Midstream,WEC Energy Group,JetBlue Airways,UGI,Fidelity National Financial,Constellation Brands,Quest Diagnostics,Activision Blizzard,Weyerhaeuser,Raymond James Financial,Keurig Dr Pepper,American Tower,Apache,Dover,Motorola Solutions,Magellan Health,Fortive,Graybar Electric,NVR,Avery Dennison,Celanese,American Financial Group,Toll Brothers,Sanmina,Insight Enterprises,Owens Corning,TravelCenters of America,Olin,MasTec,Alleghany,Asbury Automotive Group,CMS Energy,Markel,Blackstone Group,R.R. Donnelley & Sons,Wayfair,Regions Financial,Wynn Resorts,Ulta Beauty,Regeneron Pharmaceuticals,Burlington Stores,Rockwell Automation,Northern Trust,Chemours,Seaboard,Marathon Oil,Ascena Retail Group,Dillards,Cintas,Advanced Micro Devices,Hess,ABM Industries,Beacon Roofing Supply,NCR,iHeartMedia,Franklin Resources,Ameren,Intercontinental Exchange,S&P Global,Post Holdings,Analog Devices,Ralph Lauren,L3Harris Technologies,Booz Allen Hamilton,Polaris Industries,Clorox,Old Republic International,Intuit,NetApp,Tapestry,ON Semiconductor,Ingredion,Zoetis,Fiserv,TreeHouse Foods,Robert Half International,First American Financial,Harley Davidson,Yum Brands,Williams Sonoma,Simon Property Group,Navient,Western Union,Peabody Energy,Levi Strauss
2019/9/1,,34,0,58,36,54,0,0,0,47,55,66,34,50,0,62,0,0,0,46,34,55,0,0,68,21,47,21,89,0,0,74,92,0,0,40,14,41,35,39,0,44,23,74,24,0,46,0,0,0,91,12,30,37,65,41,85,63,34,68,0,60,27,0,51,0,0,0,0,0,0,62,11,30,0,30,34,35,81,29,64,62,0,51,0,55,0,0,0,0,11,0,64,0,66,0,48,0,47,0,0,28,58,35,0,0,0,0,0,50,45,0,0,44,55,0,62,0,49,0,0,64,0,30,49,91,55,98,0,37,65,0,38,0,0,0,52,50,15,34,0,0,39,86,47,64,40,28,60,29,12,0,0,83,0,80,0,0,0,0,0,0,0,0,0,49,0,36,0,0,59,0,0,0,0,0,0,0,76,0,0,34,38,0,0,100,0,30,16,0,29,34,0,0,53,50,0,0,100,29,0,4,0,39,0,0,0,68,0,48,72,65,0,0,0,0,39,0,0,0,34,17,23,27,51,0,81,0,37,54,42,0,50,0,36,0,46,69,23,36,50,0,28,0,0,0,100,0,27,58,0,69,100,0,0,23,0,30,0,11,65,36,63,0,47,0,0,67,69,100,0,0,48,0,0,0,7,0,0,0,0,58,37,0,0,36,57,0,47,0,38,0,0,38,0,0,40,16,0,0,51,0,0,19,61,0,0,0,100,0,86,0,47,97,0,0,69,0,0,0,44,50,73,0,0,100,0,0,0,15,24,0,25,0,0,0,0,0,27,0,0,54,40,0,0,0,31,32,28,52,89,0,13,0,0,0,87,70,59,31,13,0,0,0,27,72,72,0,0,0,0,48,0,100,0,85,100,0,0,49,36,0,53,0,0,32,0,0,17,0,22,0,0,0,0,13,0,0,0,0,43,26,0,12,0,0,71,0,0,35,0,0,0,0,59,0,0,0,0,0,16,31,100,0,0,0,59,0,0,0,67,53,15,55,40,93,0,0
2019/9/8,,31,50,86,88,57,0,54,0,83,0,65,34,100,0,61,0,55,0,38,50,60,48,0,68,17,41,18,80,98,0,77,73,0,24,39,12,43,33,39,0,36,24,73,0,0,50,46,0,0,0,5,35,36,64,20,82,56,67,100,21,45,79,0,0,40,0,0,0,0,0,39,36,29,0,30,25,86,99,29,0,40,0,46,48,53,0,40,0,0,9,0,31,0,70,39,29,0,0,0,0,12,81,0,0,48,0,0,0,49,0,48,0,26,35,51,45,0,47,0,0,38,82,39,49,0,68,60,67,36,48,0,38,0,0,0,74,25,16,34,0,20,25,59,0,67,0,25,24,29,10,48,0,52,0,97,0,0,0,0,24,0,0,0,0,0,97,86,0,0,35,100,0,0,58,5,0,0,77,0,0,0,37,0,0,0,0,67,15,49,42,34,0,0,53,43,0,0,0,57,0,4,33,11,0,0,0,94,0,47,71,72,0,0,0,0,39,50,0,100,66,8,34,33,14,33,27,0,35,60,36,0,49,100,0,0,72,68,0,35,0,35,28,0,100,0,0,48,27,29,0,69,98,0,48,11,0,13,0,10,58,35,90,0,46,49,35,99,56,71,0,0,28,0,0,0,14,0,0,0,0,59,59,0,0,0,49,0,23,0,25,0,0,37,0,28,40,16,0,0,0,0,0,28,53,0,0,0,0,0,0,0,68,0,0,0,94,0,0,0,43,0,83,0,0,0,96,0,0,15,0,0,16,0,0,0,0,0,39,0,0,0,0,97,0,0,23,53,54,68,0,0,19,0,0,0,77,35,0,22,10,0,0,0,0,94,61,0,0,90,0,0,0,0,0,41,0,0,0,0,53,0,53,0,0,16,98,0,22,0,14,0,0,0,0,0,0,49,0,0,31,43,0,28,0,0,57,0,0,35,0,0,0,53,19,0,0,0,16,0,16,62,73,0,0,0,31,96,0,0,47,53,23,27,60,48,0,0
2019/9/15,,39,0,88,70,55,0,71,28,51,54,64,33,99,54,62,0,54,0,54,67,66,48,0,80,16,43,20,84,0,0,49,61,0,24,39,14,40,36,38,97,46,20,48,35,0,57,45,100,0,0,5,69,36,65,60,78,64,33,100,21,45,0,0,100,26,0,0,0,0,0,57,36,29,0,30,25,0,85,66,0,40,0,41,48,52,0,0,0,0,11,58,83,0,92,38,46,0,0,0,0,14,33,35,0,0,57,0,0,48,43,0,0,31,34,0,40,0,0,0,0,25,0,20,0,89,57,77,33,36,54,0,0,0,0,0,70,98,18,33,0,100,44,56,0,85,0,28,23,29,10,47,0,58,0,81,0,0,0,0,24,0,0,0,0,0,0,74,0,0,68,0,44,0,0,5,0,94,57,0,0,100,55,0,0,0,0,58,14,73,28,34,0,0,58,43,0,0,0,0,0,5,0,11,0,0,0,77,0,68,35,90,0,0,0,0,64,0,0,0,33,17,22,59,36,0,26,50,35,59,57,0,50,0,0,0,62,25,0,53,0,35,55,0,0,0,0,0,53,28,0,0,0,0,0,30,0,21,0,12,66,0,61,0,30,0,29,55,64,73,0,0,27,0,0,42,5,0,0,100,0,64,51,0,0,35,45,0,23,0,42,0,0,37,0,41,40,32,0,0,0,0,0,31,46,0,0,0,0,0,0,0,60,0,0,0,70,0,0,0,39,0,69,0,0,0,0,0,0,15,24,0,28,0,0,0,0,0,53,0,0,0,59,0,0,0,38,41,54,68,0,0,38,0,0,0,51,85,58,34,11,0,0,0,0,49,85,0,0,89,0,46,0,0,0,83,0,0,0,48,18,48,0,0,0,31,97,0,14,0,25,42,0,0,97,0,0,98,0,0,35,34,0,41,0,0,41,0,0,35,0,0,0,52,38,0,0,48,16,0,16,31,72,0,0,51,47,0,0,0,77,0,20,36,39,74,0,0
2019/9/22,,34,50,98,72,58,0,36,29,78,55,41,34,50,0,65,0,0,0,40,68,41,0,0,71,16,50,21,70,100,0,43,55,0,30,79,13,56,35,29,0,46,22,73,24,0,55,31,0,0,0,5,35,37,61,41,81,57,34,51,0,61,27,0,25,27,0,0,0,0,0,44,76,27,60,30,17,35,100,80,63,41,0,46,0,56,0,0,100,0,11,35,43,0,63,39,77,0,47,0,0,17,48,35,0,0,58,0,0,49,44,0,0,36,39,0,39,0,48,0,40,25,0,20,49,0,54,73,34,73,65,0,38,0,0,36,71,100,15,68,0,25,58,85,0,66,39,29,47,29,15,48,0,48,0,58,0,0,0,0,12,0,0,0,0,0,0,59,0,0,52,0,0,0,58,12,0,0,100,0,0,34,37,0,0,0,0,42,14,99,0,34,0,0,51,61,0,0,0,0,0,9,0,0,0,0,0,98,0,0,36,87,0,0,0,0,52,0,0,0,45,0,57,54,37,0,27,0,0,97,31,0,100,50,0,0,54,77,23,72,0,0,28,0,0,0,0,0,27,58,0,69,0,0,0,19,0,23,0,15,66,35,68,0,72,49,36,100,84,80,0,0,32,100,0,43,7,0,0,0,0,58,60,0,68,0,56,0,23,0,64,0,0,0,0,0,0,24,50,0,0,0,0,41,60,0,0,0,0,0,0,0,69,97,0,0,68,0,0,0,36,100,71,51,0,0,0,0,0,10,49,0,31,0,0,99,0,0,39,55,0,0,40,0,0,0,31,36,98,31,0,0,33,0,0,0,52,70,0,39,11,0,0,0,0,42,78,0,0,0,0,47,0,0,0,0,0,0,99,0,18,0,53,0,0,16,0,0,21,0,11,43,0,0,0,0,100,50,0,100,20,43,0,32,0,0,55,55,0,71,0,0,0,54,46,0,0,49,16,0,8,31,51,0,0,0,32,0,0,0,42,0,0,0,40,49,0,0
2019/9/29,,38,0,82,36,54,0,36,29,73,0,74,51,50,0,67,55,56,0,31,51,34,0,0,78,21,44,13,71,0,0,41,51,0,12,40,14,57,34,45,0,48,23,49,24,0,52,62,0,0,90,24,77,73,60,41,82,57,51,69,21,0,53,0,51,27,0,0,0,0,0,93,55,23,60,46,34,0,84,69,0,41,0,39,49,48,0,0,0,0,9,35,64,0,57,39,47,0,0,0,0,17,63,35,0,48,58,0,0,50,0,0,0,38,50,0,32,0,0,0,81,51,42,60,0,92,55,73,0,37,50,0,39,0,0,0,72,38,17,34,0,10,13,92,46,58,0,43,24,29,19,0,0,61,0,80,0,59,0,0,37,0,21,0,0,0,0,51,0,0,35,0,0,0,0,5,0,0,94,0,0,0,38,0,0,0,0,35,14,0,29,69,0,100,62,77,97,0,100,0,0,3,34,22,0,0,100,77,0,0,36,100,0,100,100,0,26,0,0,0,51,0,34,67,23,0,0,0,73,54,21,67,0,0,0,0,41,78,23,72,49,35,83,0,0,0,0,0,54,44,49,35,0,0,0,27,0,21,0,12,68,35,57,0,100,100,30,78,68,70,0,0,56,0,0,43,9,0,0,0,0,59,52,53,0,0,63,100,23,0,51,0,0,38,0,56,40,16,0,0,0,0,0,25,27,0,0,0,0,0,34,0,44,0,0,0,72,0,0,90,32,0,69,0,0,0,0,0,0,12,0,0,16,100,0,0,0,0,37,55,0,54,80,0,0,0,31,36,35,52,0,0,39,0,0,0,77,35,58,31,11,0,0,0,27,53,84,0,0,0,0,0,0,0,0,0,50,0,0,0,0,0,54,0,0,0,98,0,20,0,22,43,0,0,0,0,51,0,0,0,32,43,0,24,0,0,65,0,0,35,0,100,0,0,59,0,0,0,17,0,12,63,66,0,0,52,53,0,0,0,48,0,15,37,30,98,0,0
2019/10/6,,35,50,76,55,53,0,73,58,82,0,74,0,51,0,50,0,0,0,33,69,41,0,100,74,18,44,36,100,100,49,60,61,0,30,40,13,36,37,39,100,42,28,41,0,0,51,31,0,0,0,0,47,0,57,51,82,37,34,51,0,30,27,0,38,27,0,0,0,0,0,45,61,24,60,61,43,35,84,76,0,0,0,34,49,37,100,0,0,0,14,35,64,0,71,59,65,0,48,0,0,17,63,36,0,0,0,0,0,100,0,0,0,46,38,0,47,0,49,0,0,51,0,40,0,0,48,73,34,36,59,0,64,0,0,36,73,88,22,34,0,10,13,57,0,95,0,41,24,44,14,49,0,55,0,72,0,59,0,0,0,0,0,0,0,0,100,52,0,0,35,0,45,0,0,87,0,0,83,46,0,0,56,100,0,0,0,39,15,100,29,34,0,0,61,100,0,0,0,0,0,10,35,23,0,0,0,76,0,0,0,88,0,0,0,0,52,49,0,50,45,0,23,20,23,0,54,0,0,61,21,100,50,0,36,0,59,69,23,0,50,0,47,0,0,0,0,49,26,59,0,35,100,0,0,23,0,22,0,7,71,0,40,0,63,49,30,85,74,77,0,0,44,0,41,87,7,0,0,0,0,57,60,0,0,0,43,0,0,0,64,0,0,0,0,28,61,49,100,0,0,0,0,31,81,0,0,0,0,0,34,0,52,0,0,0,86,0,100,0,32,0,66,51,0,0,0,0,0,15,25,0,20,0,0,0,0,0,29,0,50,0,40,100,0,0,54,38,75,52,0,0,33,0,0,0,91,0,0,18,100,0,0,0,0,73,64,0,0,0,0,72,0,0,0,42,0,0,0,0,18,0,0,0,0,16,100,0,24,0,40,0,0,0,0,6,0,0,61,0,20,39,0,20,0,0,79,0,0,0,0,0,100,0,26,0,0,0,17,0,12,0,54,0,0,52,86,0,0,0,45,0,31,19,20,44,0,0
2019/10/13,,36,100,73,72,56,100,0,29,44,0,49,34,50,0,54,0,0,0,39,34,51,0,100,75,19,43,21,84,0,0,43,60,0,18,40,12,52,33,26,0,37,21,49,24,0,55,31,0,0,0,5,71,0,54,41,81,60,34,57,0,46,27,0,64,40,0,0,0,58,0,44,34,25,0,0,34,35,98,60,0,41,0,54,0,46,0,41,0,0,13,35,53,0,68,39,65,0,0,0,0,16,38,35,0,48,0,0,0,50,0,0,0,40,37,0,56,100,73,0,40,38,42,60,0,0,53,30,34,55,56,0,38,0,0,0,75,25,17,34,0,10,13,60,0,72,40,27,48,29,17,48,0,46,0,53,0,0,0,0,12,40,21,0,0,0,0,55,0,0,35,0,0,0,0,5,0,0,86,0,0,0,0,0,0,0,0,53,14,74,29,34,0,0,61,72,0,0,0,0,0,7,34,33,0,0,0,90,98,47,72,84,0,0,0,0,26,0,0,0,56,0,23,20,23,33,27,50,36,61,47,0,0,0,0,0,61,26,46,0,0,35,28,0,0,0,0,0,54,29,0,0,100,0,0,15,0,21,0,7,68,35,63,0,53,50,36,67,62,51,0,0,24,0,0,57,11,0,0,0,0,54,67,0,0,0,57,0,23,0,38,0,0,0,0,56,41,0,50,0,0,0,0,31,61,0,0,0,0,0,34,0,39,0,0,100,67,0,99,90,33,0,73,0,0,0,96,0,0,13,49,0,13,0,0,100,0,0,25,0,0,0,40,0,0,0,31,42,59,35,0,0,20,0,0,0,61,35,0,31,33,0,0,0,27,46,68,0,0,0,100,48,46,0,0,42,0,0,100,0,0,0,53,0,0,24,0,0,17,0,36,0,0,0,100,6,50,100,0,0,20,52,0,100,0,0,70,0,0,0,0,0,0,0,33,0,100,0,0,0,8,31,51,0,0,0,75,0,0,0,45,0,36,0,61,71,0,0
2019/10/20,,42,0,68,35,60,0,71,0,63,0,16,33,49,54,75,54,0,0,54,33,100,48,0,60,21,42,25,77,0,0,43,74,0,35,39,13,48,35,25,0,43,27,48,23,0,48,60,0,0,0,14,46,0,59,40,88,61,49,34,42,45,26,0,50,26,0,0,0,0,0,83,54,28,0,89,75,34,74,51,47,40,0,26,0,51,0,0,0,0,6,52,73,0,76,0,47,0,0,0,0,19,33,35,0,48,57,0,0,48,0,48,0,41,33,0,47,0,0,0,0,50,82,29,0,89,55,84,33,72,66,0,38,0,0,36,69,49,19,67,0,10,19,65,0,54,39,37,47,29,17,47,0,51,0,78,0,0,0,0,24,0,0,0,0,0,0,66,0,0,86,0,44,0,0,100,0,95,55,0,100,33,0,0,0,0,0,41,15,49,28,34,0,0,58,70,95,0,0,0,0,8,33,0,0,47,0,65,0,0,0,73,0,0,100,0,77,0,0,50,33,8,23,66,41,100,0,0,71,55,46,65,49,49,36,0,54,59,22,35,0,0,55,0,0,0,0,96,27,29,0,51,0,0,0,19,0,32,0,0,77,0,61,0,48,49,88,55,67,60,0,0,35,0,41,0,7,0,0,0,0,60,88,0,67,0,60,0,23,0,75,0,0,56,0,82,0,16,0,0,0,0,0,34,66,100,0,0,0,0,34,0,70,0,0,0,82,0,0,88,45,49,71,0,0,97,0,0,0,8,0,0,21,0,0,0,100,0,41,0,97,0,39,97,0,0,91,31,81,61,88,0,19,0,0,53,38,34,0,34,21,0,0,0,26,78,85,0,0,89,0,47,0,0,0,0,0,0,98,0,70,48,0,0,0,16,98,0,26,0,14,0,0,0,0,0,0,49,0,0,31,38,0,12,0,100,100,0,0,35,0,0,0,0,71,0,0,0,0,0,16,61,39,0,0,51,37,0,0,0,33,0,30,18,30,85,0,0
2019/10/27,,45,0,72,0,58,0,36,0,98,0,32,0,100,0,53,0,0,0,56,34,27,0,0,72,19,52,41,82,0,48,54,51,0,24,65,10,79,38,19,0,42,30,24,23,0,59,30,0,0,0,9,29,0,47,100,85,25,67,56,42,30,52,0,25,27,100,0,0,0,0,66,75,28,60,30,25,69,67,85,0,40,0,50,0,44,0,40,0,100,16,0,42,0,84,39,41,0,0,0,0,18,71,0,0,0,57,0,57,49,44,0,0,26,41,0,52,0,47,0,40,50,0,20,49,90,60,78,34,0,69,0,57,0,0,0,64,37,20,33,0,20,25,78,46,52,39,39,23,29,20,47,0,58,0,84,0,58,0,0,18,0,0,0,0,0,0,74,0,0,40,0,0,0,0,81,0,96,59,46,50,0,74,0,0,0,0,38,22,49,42,34,0,0,52,44,0,50,0,0,0,8,0,22,0,0,94,62,99,46,0,72,0,0,0,0,38,51,0,0,44,0,34,26,13,66,26,49,0,51,36,66,0,0,36,0,53,51,0,71,0,0,27,0,0,0,96,0,92,0,0,0,0,0,0,8,0,29,0,7,76,0,61,0,30,50,41,55,70,54,0,0,23,0,40,43,11,0,0,0,100,57,52,0,67,0,96,0,35,0,25,0,0,75,0,28,40,0,0,0,0,0,0,25,27,0,0,0,0,0,50,0,51,0,0,0,52,0,0,0,42,0,66,0,0,0,0,0,0,10,0,0,21,0,0,0,0,0,43,0,48,53,79,0,0,100,23,47,43,38,0,0,26,0,0,0,51,35,59,30,22,0,0,0,0,64,88,100,0,0,0,47,44,0,0,62,49,0,0,0,18,0,0,0,0,16,0,0,18,100,11,0,0,44,0,0,0,50,0,0,35,76,0,20,0,0,72,0,0,35,0,0,0,0,19,0,0,0,0,0,8,62,50,0,0,51,84,0,0,0,58,0,20,36,39,43,0,0
2019/11/3,,41,0,69,59,64,0,36,42,66,0,48,33,0,55,74,54,54,100,27,100,47,48,0,68,18,46,41,78,98,0,54,56,0,59,97,11,76,41,19,0,52,31,32,23,0,51,0,0,100,0,12,29,72,61,70,81,50,50,33,0,59,52,0,25,0,98,0,0,0,0,61,36,33,0,44,100,51,67,76,0,40,0,33,72,43,0,0,0,0,9,35,63,0,67,38,46,0,0,0,0,19,38,52,0,0,57,95,0,97,44,0,0,41,36,0,55,0,0,0,79,100,41,49,0,89,77,96,100,36,54,0,63,0,34,0,74,25,15,100,0,15,32,74,0,83,78,51,35,29,32,0,100,51,0,80,0,58,0,0,24,0,0,0,0,0,0,70,0,0,40,0,0,0,0,20,0,0,65,0,50,0,55,99,0,0,0,62,19,49,0,0,0,0,53,76,0,50,0,0,100,6,34,16,0,0,0,88,0,0,35,70,100,0,0,0,51,100,0,49,0,8,22,39,31,33,53,0,53,59,62,0,0,0,36,0,49,51,0,35,48,35,41,0,0,0,0,47,26,29,0,0,0,0,0,23,0,27,0,15,74,35,75,0,41,0,18,98,100,79,0,0,31,0,0,42,9,0,0,0,0,60,22,0,0,0,68,0,46,100,75,0,0,75,0,27,0,32,0,0,0,0,0,58,66,0,0,0,0,0,0,0,31,0,0,0,99,0,0,0,54,0,80,0,100,0,95,0,0,8,0,0,27,48,0,0,0,0,51,0,48,0,79,97,100,0,46,41,85,71,0,0,13,100,0,0,38,80,0,21,23,0,0,0,0,71,46,100,100,90,98,70,45,0,0,41,0,0,0,0,18,0,0,0,0,32,97,0,24,0,25,0,0,0,0,6,0,0,0,0,23,42,0,31,0,0,72,0,0,0,0,0,0,0,45,0,98,0,33,0,12,31,50,0,0,51,47,0,0,0,41,0,100,18,30,64,0,95
2019/11/10,,46,48,71,52,65,0,52,0,87,0,40,33,0,0,65,53,0,0,39,33,39,0,0,74,18,54,15,67,0,46,53,54,0,17,57,12,67,44,25,95,46,26,47,23,0,63,60,0,0,0,5,57,0,59,59,80,41,33,33,21,29,26,0,73,51,0,0,0,0,0,47,83,33,0,29,25,33,72,65,30,39,34,70,0,46,0,39,97,0,11,68,31,0,71,75,80,0,0,0,0,11,70,51,0,0,56,0,0,0,87,48,0,50,38,100,35,98,46,0,39,37,40,39,0,87,73,94,0,36,68,0,74,0,0,0,68,48,19,98,0,49,25,37,45,85,0,32,46,28,26,47,0,57,100,72,0,0,0,0,24,39,0,0,0,0,0,53,100,0,25,0,0,0,0,10,0,0,70,0,49,33,90,0,0,0,0,46,19,48,0,100,94,0,63,43,0,0,0,0,0,5,0,21,0,47,0,68,0,0,0,47,0,0,0,0,100,0,0,48,33,16,22,26,40,32,52,48,0,58,50,0,49,0,35,0,26,41,43,0,47,68,53,0,0,0,0,46,52,57,0,33,98,0,0,7,0,23,0,7,77,34,44,0,27,0,26,86,58,63,0,0,38,0,0,0,9,0,0,0,0,60,65,0,0,0,48,0,0,0,37,0,0,0,0,27,0,15,0,0,0,0,0,27,26,0,0,0,0,0,66,0,45,0,0,0,74,0,0,0,48,0,68,0,0,0,92,0,0,10,24,0,16,0,0,0,0,0,34,0,0,0,0,0,0,0,52,60,79,93,87,0,38,0,0,53,100,33,0,30,12,0,0,0,26,51,62,0,0,0,0,46,0,0,0,0,0,0,0,0,26,47,0,0,0,16,0,0,23,98,14,82,0,0,0,6,0,0,58,0,19,100,0,38,98,0,83,0,0,67,0,0,0,0,57,0,0,0,16,0,8,45,96,0,100,100,51,0,0,0,46,0,44,35,58,63,0,0
2019/11/17,,50,0,79,35,70,0,0,0,63,0,56,50,50,54,59,0,0,0,41,33,33,0,0,61,20,55,28,77,0,47,52,68,95,35,0,11,33,50,38,98,47,34,32,0,100,49,0,0,0,88,12,58,36,83,60,82,36,100,67,21,45,53,0,62,26,0,0,47,0,0,61,80,35,59,30,33,34,63,86,31,100,35,45,0,54,0,0,99,0,3,70,31,0,72,38,52,0,0,0,0,14,38,0,0,48,0,0,0,73,44,0,0,54,39,0,46,0,48,0,0,0,41,68,0,0,53,60,0,36,61,0,37,0,0,36,59,49,100,33,0,85,50,87,0,66,0,29,47,0,33,47,0,96,0,57,0,0,0,0,24,39,0,0,0,0,0,58,0,0,34,0,44,0,57,71,0,0,77,44,50,0,55,0,0,0,0,53,17,0,28,33,0,0,58,92,0,50,0,0,0,6,0,32,0,0,0,78,100,0,36,51,0,0,0,0,76,49,0,0,44,17,22,26,40,33,0,0,36,51,41,0,0,0,0,0,80,50,22,35,0,0,55,0,0,0,0,0,0,29,0,34,0,0,0,30,51,27,0,7,90,34,44,0,36,49,53,44,51,44,0,0,43,0,0,42,13,0,0,0,0,66,66,0,100,0,48,0,0,0,75,0,0,37,0,28,0,24,0,0,100,0,0,46,59,0,0,0,0,0,33,0,91,0,0,0,100,0,0,0,41,0,94,51,0,96,0,0,0,18,24,0,21,0,0,0,0,0,43,0,0,0,39,98,0,0,61,53,100,81,0,0,26,0,0,0,67,69,57,26,12,100,0,100,26,71,79,0,0,0,0,0,0,0,0,0,0,0,0,0,18,0,0,0,0,0,0,0,22,0,28,0,0,0,97,0,0,0,0,0,19,59,0,24,0,0,64,0,0,34,0,0,0,53,45,0,99,0,16,0,8,91,64,0,0,0,39,0,0,100,33,0,50,18,78,58,0,94
2019/11/24,,95,0,100,74,100,0,0,29,66,0,17,0,52,0,48,0,0,0,66,35,31,50,0,68,26,60,16,80,0,0,52,100,100,31,40,12,47,91,20,0,61,30,17,40,0,55,0,0,0,0,5,36,0,95,31,86,26,0,70,22,31,27,0,0,0,0,0,0,0,0,68,65,100,0,62,26,0,56,95,32,0,0,32,50,62,0,0,0,0,5,0,22,0,88,40,55,0,49,0,0,16,45,0,0,0,0,0,0,0,0,0,0,98,58,0,52,0,0,0,0,26,43,62,51,0,66,50,35,0,61,0,52,0,0,0,55,51,79,0,0,37,53,58,0,64,41,31,24,30,100,50,0,74,0,90,0,0,100,0,13,41,22,0,0,0,0,65,0,0,48,0,46,0,0,10,0,0,95,0,79,0,77,0,0,0,0,74,19,51,29,0,100,0,65,45,100,53,0,30,0,6,0,11,0,0,0,92,0,48,37,62,0,0,0,0,54,0,0,52,35,17,35,34,19,0,42,0,37,47,16,0,0,0,37,0,56,79,23,0,0,36,29,0,0,0,0,74,27,90,0,53,0,0,100,32,0,27,0,11,93,36,41,0,33,51,55,34,44,65,0,0,65,0,42,44,14,0,0,0,0,76,46,0,0,37,39,0,24,0,52,0,0,0,0,29,0,17,0,0,0,0,0,48,48,0,0,0,0,0,0,0,68,100,0,0,66,0,0,0,84,0,100,0,0,0,0,0,0,34,25,0,20,0,0,0,0,0,32,0,0,55,0,0,0,0,40,80,64,46,0,0,54,0,0,56,53,36,0,31,8,0,0,0,0,35,61,0,0,0,0,98,0,0,0,43,0,0,0,0,28,0,0,0,0,0,0,0,36,0,19,44,0,0,0,0,0,0,0,0,52,27,0,33,0,0,56,0,0,36,0,0,0,0,67,0,0,0,17,0,8,0,55,0,0,53,66,0,0,0,46,0,52,19,41,61,0,100
2019/12/1,,72,47,83,34,98,0,0,0,100,0,39,65,72,0,70,0,53,0,39,32,45,46,0,76,23,60,12,86,0,0,50,64,0,17,38,14,69,75,19,0,50,25,23,34,0,77,30,0,0,0,7,51,0,86,49,77,63,32,54,20,86,0,0,73,0,0,0,45,55,0,85,55,67,58,29,40,33,78,95,30,39,0,30,0,71,0,0,0,0,12,34,31,46,58,75,56,0,0,0,0,13,69,34,100,0,56,0,0,94,42,0,0,91,44,0,46,0,0,0,39,85,100,29,47,0,57,87,0,69,68,0,36,0,0,0,64,72,32,33,0,68,25,55,0,60,38,25,23,28,70,47,0,100,0,71,100,0,94,0,23,39,0,0,0,0,0,57,0,0,33,0,0,0,0,10,0,0,69,0,0,0,0,0,0,0,0,100,27,94,27,33,0,95,69,74,0,49,0,28,0,6,0,11,0,0,0,80,0,69,0,54,0,0,95,0,38,0,0,47,49,8,33,32,31,0,26,0,35,60,100,64,48,0,35,0,100,66,21,68,48,33,54,0,0,0,0,0,26,42,0,0,0,0,0,22,100,28,0,7,89,34,82,0,36,48,17,96,76,61,0,0,45,0,0,42,7,0,0,0,0,81,43,0,65,34,46,0,0,0,49,0,0,36,0,27,39,0,0,0,0,0,0,39,51,0,0,0,0,0,0,0,40,0,0,0,77,0,0,0,57,0,84,0,0,0,93,0,0,11,0,0,24,0,0,0,0,0,33,0,0,0,38,95,0,0,59,61,71,69,0,0,19,0,0,0,49,83,0,29,7,0,0,0,0,58,48,0,0,88,0,46,0,0,0,41,47,0,0,0,17,47,51,0,0,0,0,0,30,0,31,61,0,0,0,0,0,48,0,0,37,50,0,61,0,0,78,0,98,34,0,0,0,0,100,0,0,0,16,0,10,60,87,0,0,0,97,0,0,0,46,51,64,18,57,88,0,0
2019/12/8,,72,0,76,58,96,0,36,28,57,0,40,33,0,54,48,0,54,0,47,50,50,0,0,75,23,54,10,88,0,0,52,74,95,29,39,15,53,69,32,0,44,21,16,100,0,75,30,100,0,0,12,70,36,61,40,86,44,65,33,21,0,39,0,75,26,0,0,0,0,0,30,100,60,59,74,50,0,67,32,0,80,35,31,0,73,0,39,0,0,9,52,41,0,57,38,87,0,0,0,0,9,61,34,0,0,0,0,0,48,0,48,0,80,53,0,71,0,0,0,0,75,0,39,0,88,57,65,33,36,50,0,37,0,0,0,55,61,25,0,0,25,38,34,0,46,39,36,23,29,68,47,0,96,0,93,0,0,0,0,12,39,0,0,0,0,0,66,0,100,51,0,0,0,0,5,0,95,96,0,50,0,0,0,0,0,0,62,23,0,42,0,0,0,71,49,0,100,0,0,0,6,0,21,0,48,0,100,0,46,70,28,99,0,0,0,25,0,0,0,33,12,0,33,18,0,26,0,0,74,46,0,0,0,72,98,44,76,44,70,0,69,68,0,0,0,0,47,65,57,0,34,0,0,0,19,0,29,0,11,91,35,100,0,34,0,26,65,54,83,0,0,78,0,40,0,13,0,0,0,0,70,29,0,0,0,44,0,0,0,100,0,0,0,0,27,0,16,0,0,0,0,0,31,40,0,0,0,0,0,100,0,53,0,0,0,69,0,0,88,52,0,83,100,0,97,95,0,0,93,24,0,16,0,100,0,0,0,49,0,0,0,39,97,0,0,61,59,100,44,0,0,32,0,0,0,25,57,0,17,7,0,0,67,26,67,49,0,0,0,0,47,0,0,0,0,0,0,0,0,18,47,0,0,0,0,0,0,26,0,35,85,0,0,0,6,0,49,0,0,61,42,0,43,0,0,69,0,0,0,0,0,0,0,77,0,0,0,16,0,8,76,61,0,0,0,94,0,0,0,49,0,60,0,98,37,0,0
2019/12/15,,85,50,80,53,100,0,0,0,64,54,82,100,100,0,63,0,0,0,62,34,20,0,0,75,24,57,44,83,99,0,75,84,0,36,39,13,64,86,48,0,45,25,41,31,0,92,31,0,0,0,17,94,73,88,51,90,34,33,34,21,0,26,0,0,27,0,0,0,0,100,71,89,72,0,75,34,0,51,60,0,0,0,29,0,65,0,40,0,0,11,70,32,0,73,39,94,0,0,100,0,22,53,0,0,0,0,0,0,0,88,48,100,82,53,0,72,0,48,0,40,51,42,100,49,0,62,42,34,0,69,0,51,0,0,36,58,50,29,85,0,30,32,57,47,69,79,31,24,29,52,48,0,74,0,98,0,0,0,0,24,0,21,0,100,0,0,94,0,0,41,0,0,0,0,12,0,96,68,0,51,68,37,0,0,0,0,87,84,74,28,34,0,0,67,66,0,51,98,0,0,6,0,32,0,0,0,66,0,46,53,27,0,0,0,0,65,0,0,50,0,17,0,67,100,33,27,100,36,65,94,0,0,0,0,100,72,60,0,0,48,70,56,0,0,0,0,72,44,0,0,0,99,0,0,31,0,23,0,11,100,35,51,0,30,49,42,50,49,70,0,0,28,0,40,43,9,0,0,0,0,69,45,0,0,0,47,0,0,0,26,0,0,38,0,69,0,0,50,0,0,0,0,41,47,0,0,0,0,0,68,0,59,0,0,0,55,0,0,0,61,0,83,0,0,0,95,0,0,100,0,0,14,0,0,0,0,0,35,0,0,0,40,0,0,0,100,48,98,59,0,0,32,0,0,0,0,46,0,26,7,0,0,0,0,34,64,0,0,0,0,47,0,0,0,0,50,0,0,0,18,48,0,0,0,0,0,0,20,99,11,42,0,0,0,6,0,0,0,0,35,52,0,36,100,0,55,55,0,35,0,0,0,0,91,0,0,0,16,0,16,62,68,0,0,0,69,0,0,0,58,0,51,0,20,38,0,0
2019/12/22,,100,56,100,80,90,0,0,0,65,0,91,0,56,82,39,0,62,0,70,37,34,0,0,82,31,56,40,95,0,0,64,90,0,33,44,14,68,100,22,0,56,31,100,65,0,49,34,0,0,100,42,53,0,89,34,91,28,0,38,23,0,30,0,42,59,0,100,0,0,0,89,61,86,0,33,38,38,64,55,0,0,79,24,0,51,0,0,0,0,17,0,35,0,70,43,46,0,0,0,48,17,75,0,0,0,64,0,0,55,100,0,0,100,100,0,100,0,0,0,45,28,47,44,54,100,52,61,0,61,100,0,99,0,0,80,57,42,31,37,0,39,64,67,0,88,44,44,27,0,48,0,0,63,0,100,0,0,0,0,14,0,0,0,0,0,0,66,0,0,45,0,100,0,0,0,0,0,71,100,56,0,0,0,0,0,100,60,100,55,31,0,0,0,79,98,0,0,0,49,0,8,0,25,0,0,0,65,0,54,0,30,0,0,0,0,29,0,0,0,38,0,63,37,35,0,30,0,40,82,12,0,0,0,0,0,60,100,38,60,54,0,0,0,0,0,0,54,30,33,0,39,0,0,0,17,0,34,0,8,95,59,57,0,41,55,27,62,73,70,0,0,53,0,0,0,8,54,0,0,0,73,33,0,0,0,71,0,0,0,57,0,0,0,0,31,45,0,0,0,0,0,0,35,37,0,0,0,0,0,38,0,68,0,0,0,64,0,0,100,100,0,78,0,0,0,0,0,0,76,0,0,20,0,0,0,0,0,32,0,0,0,0,0,0,0,86,62,74,100,100,0,22,0,0,0,38,0,0,19,6,0,0,0,0,55,69,0,0,100,0,0,100,0,0,47,0,0,0,0,60,54,0,0,0,0,0,0,28,0,8,72,0,100,0,0,0,0,0,0,100,29,0,47,0,0,55,0,0,39,0,0,0,0,43,0,0,0,18,0,0,0,57,0,0,0,71,0,0,0,68,0,62,20,67,90,0,0
2019/12/29,,56,0,75,37,73,0,38,0,70,0,60,70,52,57,74,0,58,0,73,36,21,51,0,94,22,57,22,90,0,0,62,81,0,19,0,14,43,55,20,0,53,24,43,50,0,59,32,0,0,0,12,68,38,67,43,91,65,0,72,0,47,28,0,67,0,0,0,100,0,0,83,52,48,0,0,62,0,55,81,100,43,0,43,0,45,0,42,0,0,15,37,0,0,67,61,74,0,0,0,0,19,76,37,0,51,61,100,0,51,0,0,0,54,65,0,88,0,0,0,42,93,44,31,0,0,50,64,35,39,70,0,81,0,0,38,80,26,22,71,0,32,27,82,0,100,82,37,25,0,40,0,0,57,0,77,0,0,0,0,26,0,22,0,0,0,0,91,0,0,61,0,0,0,61,5,0,100,61,48,0,35,39,0,0,0,0,55,50,0,0,36,0,0,81,52,0,0,0,0,0,5,0,29,0,51,0,76,0,49,56,35,0,0,0,0,41,52,0,52,35,9,47,42,24,0,56,0,76,88,22,0,52,0,0,0,38,40,23,56,51,37,58,0,0,0,0,50,56,61,0,54,0,0,0,24,0,26,0,8,94,37,89,0,44,0,37,70,74,48,0,0,54,0,0,45,12,0,0,0,0,73,47,0,0,37,58,0,24,0,40,0,0,40,0,87,0,0,0,0,0,0,0,26,42,0,0,0,0,0,36,0,84,0,0,0,55,0,0,94,58,0,88,80,0,0,100,0,0,65,0,0,19,0,0,0,0,0,32,0,0,0,83,0,0,0,57,46,70,72,0,0,34,0,0,57,40,91,0,23,6,0,0,0,28,44,93,0,0,0,0,100,0,0,0,44,0,0,0,0,0,0,0,0,0,0,0,0,32,0,7,0,0,0,0,6,0,0,0,0,90,41,0,29,0,0,57,0,0,37,0,0,0,0,20,0,0,0,0,100,8,32,53,0,0,54,56,100,0,0,61,0,32,48,21,73,0,0
2020/1/5,,37,0,69,52,59,0,35,0,50,0,64,32,0,0,74,0,0,0,51,32,59,47,0,66,20,40,79,83,0,0,62,51,0,46,76,11,84,36,28,0,42,24,24,23,0,53,29,0,0,87,14,63,35,66,39,81,46,0,33,0,44,38,0,73,26,0,88,46,0,0,51,45,31,0,58,33,100,75,55,0,39,34,35,48,49,0,39,0,0,11,34,41,47,72,56,34,0,0,0,0,12,32,34,0,0,56,0,0,63,0,0,0,28,34,0,41,0,0,0,58,86,0,39,0,0,52,88,0,0,52,0,37,0,0,0,100,48,22,33,0,10,31,70,0,91,38,22,34,84,17,0,98,82,0,66,0,57,0,0,41,0,31,0,0,0,0,65,0,0,34,0,43,0,0,0,0,0,68,0,50,66,72,0,100,0,0,42,32,47,27,33,0,0,67,43,0,0,0,29,0,5,0,43,0,0,0,80,0,0,0,23,0,0,0,0,100,0,0,0,32,8,44,64,35,32,26,0,0,100,40,0,49,0,35,0,48,75,22,52,47,0,0,0,0,0,0,47,64,0,0,33,97,100,0,26,0,28,0,14,90,51,71,0,38,96,35,75,81,59,0,0,19,0,40,0,9,0,0,0,0,66,65,0,65,0,55,0,22,0,37,0,0,37,0,53,0,31,0,0,0,0,0,30,32,0,100,0,0,0,0,0,47,0,0,97,70,0,0,0,38,0,69,0,0,0,0,0,0,29,24,0,24,0,0,0,0,0,38,0,0,0,0,0,0,0,30,44,68,67,86,0,100,0,0,52,38,67,56,38,7,0,0,0,51,84,51,0,0,0,0,45,0,96,0,82,49,0,0,0,0,47,0,0,0,0,0,0,25,0,17,42,0,0,0,6,0,0,0,0,38,75,0,15,0,0,70,0,0,34,0,0,0,0,75,0,0,0,0,0,15,30,58,0,0,0,46,0,0,0,32,52,15,0,29,52,0,0
2020/1/12,,35,46,67,66,60,0,67,0,89,50,53,31,0,0,76,51,0,0,48,0,31,45,0,73,19,37,31,74,0,0,66,71,0,44,36,15,69,34,27,0,32,25,30,22,0,43,28,0,0,84,0,98,34,66,19,86,51,31,31,20,0,74,48,59,25,0,0,0,0,0,90,68,29,0,28,31,32,76,41,29,0,0,42,45,53,0,0,92,0,10,32,98,0,73,36,49,0,0,0,0,15,13,0,0,0,53,0,0,0,0,0,0,44,38,0,38,0,44,0,37,47,58,74,45,0,51,79,31,34,51,0,0,0,0,0,90,23,21,31,0,19,36,64,0,92,37,35,66,0,13,45,0,44,0,88,0,54,0,0,45,74,39,56,0,0,0,55,0,0,86,0,0,0,54,5,0,0,65,84,47,0,69,0,0,0,0,48,27,0,26,64,90,0,65,66,0,0,0,27,0,4,31,10,0,0,0,60,0,43,33,41,0,0,0,0,24,0,0,46,31,8,21,18,42,31,100,0,34,80,19,61,46,0,34,0,59,48,0,100,45,0,26,0,94,0,0,0,25,54,0,64,0,0,0,18,0,25,0,18,86,0,42,0,45,46,58,62,95,55,0,0,37,0,0,40,11,0,0,0,0,61,28,0,63,0,62,0,32,0,47,0,0,0,0,0,0,0,0,0,0,0,56,35,62,0,0,0,0,0,0,0,59,0,0,0,94,0,0,83,36,0,84,0,0,0,89,0,0,39,23,0,17,0,0,0,0,0,80,0,0,50,55,0,94,0,29,29,29,54,0,0,36,0,0,100,56,54,54,20,8,0,0,0,25,60,69,0,0,0,0,44,0,0,0,52,46,0,92,0,0,0,49,0,0,0,0,0,34,0,17,0,0,41,0,0,0,46,56,0,43,24,0,37,0,47,67,0,0,32,0,0,0,0,66,0,92,0,30,0,15,29,37,0,0,95,49,0,0,0,70,0,28,17,28,100,0,0
2020/1/19,,36,0,58,68,56,0,35,28,48,0,40,65,73,53,63,53,0,0,19,33,52,0,0,81,21,39,50,69,0,0,44,59,94,35,76,11,59,36,37,95,37,30,0,34,0,58,30,0,0,0,11,63,70,60,29,86,46,32,33,0,59,38,100,24,26,0,0,0,56,0,94,53,29,0,29,25,33,71,83,0,39,0,33,47,58,0,39,0,0,14,51,20,47,72,37,51,0,0,0,42,25,14,34,0,0,56,0,0,0,43,47,0,56,42,50,36,0,46,0,0,24,61,38,47,87,53,47,0,0,56,0,37,0,0,0,89,48,24,65,0,10,43,58,45,87,0,32,23,56,13,46,0,71,0,74,0,56,0,0,24,0,0,0,0,47,0,72,0,0,75,0,43,0,56,5,0,0,58,0,0,0,36,0,0,0,0,37,22,48,0,65,94,97,58,59,0,0,0,0,0,8,0,16,0,0,0,68,0,45,69,47,98,0,0,0,25,47,0,0,32,0,22,51,44,0,39,0,0,89,46,64,49,49,35,0,43,62,22,52,0,34,27,0,0,0,0,0,38,56,47,100,0,0,0,26,0,23,0,100,92,0,60,0,44,48,29,64,80,73,0,0,31,0,39,82,11,0,100,0,0,65,72,0,65,0,52,0,0,0,49,0,0,37,0,27,0,31,48,0,49,0,0,36,52,0,0,0,0,0,66,0,52,0,0,0,67,0,0,0,39,0,78,0,98,0,93,0,0,34,24,100,17,47,0,0,0,0,62,53,0,0,39,0,0,0,30,38,60,50,86,0,44,0,0,0,25,33,0,38,8,0,0,0,0,40,62,0,0,0,0,46,0,96,0,0,0,0,0,0,17,46,51,0,0,23,0,0,30,0,14,0,0,43,96,6,0,48,0,0,49,66,0,38,0,0,68,0,100,34,0,0,0,0,56,0,0,0,16,0,8,30,46,100,0,49,66,0,0,0,48,0,29,0,87,55,0,0
2020/1/26,,34,71,57,34,56,0,34,40,50,0,62,48,0,52,72,0,52,0,57,48,19,0,0,56,19,47,44,95,95,0,45,57,0,11,37,11,65,32,46,0,39,21,46,22,0,67,0,0,0,0,5,73,35,66,68,78,48,32,32,40,57,50,0,0,38,0,0,0,0,0,71,89,26,0,28,0,32,80,55,30,0,0,30,93,62,0,0,94,0,33,100,40,46,65,73,56,100,0,0,0,15,46,100,0,46,0,0,0,47,0,0,0,35,36,0,48,0,0,0,0,36,40,66,47,86,63,81,0,35,57,0,36,0,0,34,83,59,22,32,0,29,49,80,0,80,0,27,68,28,13,46,0,54,0,80,0,55,0,0,23,38,0,0,0,0,93,52,0,0,55,0,0,0,0,7,100,0,68,43,48,0,71,0,0,0,84,26,20,47,0,0,0,0,64,52,0,0,0,27,0,4,0,100,0,0,0,69,0,0,34,27,0,0,0,0,37,48,0,0,64,0,21,25,21,0,26,0,34,86,25,0,48,0,0,0,68,49,21,34,93,100,44,0,0,0,0,45,25,41,0,0,0,0,0,11,0,25,0,33,91,100,59,0,41,47,45,63,71,74,0,0,42,0,0,41,11,45,98,0,0,57,42,0,64,34,84,0,0,0,72,0,0,0,100,26,0,15,0,0,0,0,57,53,45,0,0,0,0,0,65,0,67,0,0,0,86,0,93,0,38,0,68,0,0,0,0,0,0,46,23,0,14,0,0,0,0,100,49,0,0,0,0,0,0,0,29,26,74,62,0,0,37,0,0,0,57,33,0,17,15,0,0,0,25,76,66,0,0,0,0,67,0,0,0,79,0,0,94,0,51,46,0,0,0,15,0,0,25,0,31,0,0,42,94,0,0,0,57,0,55,24,0,23,0,0,79,53,0,0,0,0,93,50,28,0,0,0,16,0,17,89,67,0,0,0,100,0,0,0,53,0,34,17,38,51,0,0
2020/2/2,,33,0,55,34,55,93,34,0,63,0,70,32,47,0,58,0,0,0,31,48,45,45,0,62,18,36,34,87,94,0,75,76,0,23,75,14,80,32,73,0,28,28,100,22,0,51,58,96,0,0,65,33,51,59,38,79,32,0,32,20,43,62,49,71,0,0,0,0,0,0,100,66,29,0,57,32,32,87,80,0,0,0,21,46,57,0,0,93,0,15,44,100,0,62,0,28,0,0,0,0,21,41,33,0,0,55,0,0,93,0,0,0,33,32,48,35,0,0,99,0,47,40,56,0,0,46,69,32,69,53,0,72,0,0,0,69,23,35,32,0,19,24,95,0,64,0,33,44,27,12,45,0,53,0,77,0,0,0,0,23,0,20,0,0,0,0,100,0,0,60,0,0,0,55,5,100,0,66,0,0,32,35,0,0,0,0,31,32,47,0,0,0,0,62,99,0,0,0,0,0,10,0,26,0,44,0,69,0,0,50,28,0,0,0,0,25,46,0,47,32,0,22,25,26,32,25,48,0,73,35,0,0,47,35,0,51,56,21,51,0,0,39,0,0,0,0,0,50,27,0,32,94,0,0,18,0,26,0,24,78,0,53,0,39,47,28,94,76,60,0,0,34,0,0,40,9,0,0,0,0,60,63,0,0,0,100,0,44,0,32,0,0,36,0,52,38,15,0,0,0,0,0,100,63,0,0,0,94,0,64,0,48,0,0,0,78,0,0,0,37,0,75,0,0,0,91,100,0,27,0,98,14,0,0,0,0,0,51,0,0,51,38,93,96,0,29,30,52,81,84,0,25,0,0,51,40,55,0,37,22,0,0,0,50,100,67,0,0,0,0,0,0,0,100,40,0,0,0,0,17,46,0,0,0,0,0,0,19,0,31,80,0,42,0,0,0,0,0,0,37,36,0,45,0,0,56,0,0,0,0,0,0,0,55,0,93,0,0,0,15,58,35,0,98,49,50,0,0,0,53,100,19,17,57,66,0,91
2020/2/9,,35,0,60,33,56,0,68,0,79,0,23,0,47,0,70,52,0,0,31,32,38,46,0,73,19,42,39,73,0,0,39,83,0,22,37,13,68,34,27,0,31,24,62,37,0,64,72,0,0,85,85,39,34,65,29,84,59,0,48,20,28,25,0,36,50,0,0,0,0,0,54,57,31,0,38,32,0,77,100,45,39,0,34,0,54,0,77,0,95,12,66,79,0,80,37,100,0,0,0,0,13,18,33,0,46,55,0,0,47,0,0,0,46,38,0,33,0,45,100,38,72,0,37,0,0,47,74,32,52,65,0,0,0,0,0,82,47,25,32,0,10,30,98,44,67,75,32,45,0,10,46,0,99,0,95,0,0,92,0,29,0,20,0,0,46,0,44,0,0,38,0,42,0,0,5,0,0,83,0,48,32,35,0,0,0,0,49,22,0,27,32,0,0,64,52,0,49,0,0,0,8,33,10,0,45,0,57,0,0,67,37,97,0,0,0,74,0,0,0,32,8,42,56,21,0,50,0,34,61,59,0,96,0,35,0,68,89,21,0,0,50,53,0,0,0,0,45,50,82,0,32,94,0,0,36,0,30,0,14,76,33,54,100,35,0,79,94,83,70,0,0,64,0,0,40,11,0,0,0,0,58,56,0,0,0,62,0,44,0,84,0,0,0,0,26,38,15,0,0,0,0,57,44,38,0,0,0,0,0,32,0,79,0,0,95,59,0,0,0,36,0,61,0,0,0,91,0,0,41,23,0,15,0,0,94,0,0,45,0,46,50,76,0,0,0,73,36,77,49,0,0,31,0,0,0,41,77,56,41,9,0,0,0,25,79,58,0,0,0,0,44,0,0,0,40,0,0,0,0,100,46,0,0,0,15,0,0,26,0,40,0,0,0,0,6,0,0,0,0,33,57,0,34,0,0,83,0,0,33,0,0,0,0,37,0,93,0,31,0,19,29,37,0,0,0,60,0,0,0,50,0,34,69,85,66,0,92
2020/2/16,,37,0,64,67,61,0,34,0,52,51,61,0,71,0,59,0,0,0,45,32,63,0,0,73,22,35,34,81,0,0,45,64,0,22,55,13,48,33,24,0,39,24,38,66,0,50,0,0,0,0,49,44,85,67,38,82,40,0,64,0,85,49,0,71,62,0,0,0,0,0,41,59,31,0,28,24,65,84,68,89,0,0,23,0,59,0,38,0,0,10,66,59,0,73,60,50,0,0,0,0,15,45,33,0,0,54,0,0,46,62,0,0,33,30,0,45,0,0,0,0,24,0,19,0,0,62,51,0,0,49,0,60,0,0,0,90,23,27,32,0,19,30,100,44,88,37,37,100,0,10,0,0,86,96,67,0,0,0,0,17,37,40,57,0,0,0,41,0,0,43,0,42,0,55,5,0,90,71,43,0,0,0,0,0,0,0,51,20,46,40,32,91,0,61,88,91,0,0,0,0,6,31,10,0,0,0,41,93,44,67,35,0,93,0,0,24,71,0,0,94,8,43,37,34,31,25,0,51,79,74,0,47,0,34,0,51,96,21,34,0,0,65,0,0,100,0,45,25,27,0,97,0,0,0,25,49,27,0,14,71,49,37,0,22,0,61,62,84,71,0,0,33,0,0,100,6,0,0,0,0,69,84,0,63,0,56,0,0,0,40,0,0,71,99,78,0,15,47,0,0,0,0,38,82,0,0,100,0,0,32,0,96,0,100,0,86,0,0,0,37,47,83,0,0,0,0,99,0,53,0,0,29,46,0,0,0,0,54,0,0,0,0,0,0,0,36,41,48,68,0,0,55,0,100,50,48,49,0,37,13,95,0,64,25,35,92,0,0,0,0,44,0,0,0,59,0,0,0,0,17,0,50,0,0,0,0,0,22,0,41,0,0,0,0,0,0,0,0,0,26,48,0,56,0,0,85,0,0,0,0,93,92,0,55,0,0,0,39,0,18,29,58,0,0,48,50,0,0,0,55,0,28,34,56,25,0,0
2020/2/23,,38,0,61,54,60,0,33,0,76,0,67,61,91,50,69,100,0,0,30,31,49,0,0,69,20,44,19,81,0,0,42,71,0,49,90,13,65,34,35,0,33,24,15,29,0,49,28,0,92,0,76,48,0,70,55,79,44,30,31,19,69,24,0,34,36,0,0,0,52,0,44,69,29,54,55,46,31,61,88,0,73,0,44,0,62,0,0,0,0,16,32,58,0,100,35,54,0,0,0,39,14,44,32,0,0,0,0,0,60,81,0,0,17,38,46,36,0,0,0,36,69,38,27,44,0,42,55,31,50,49,0,35,0,0,33,71,34,30,31,0,46,29,69,0,71,0,24,43,27,11,44,0,83,0,79,0,53,0,0,28,37,39,0,0,0,0,61,0,0,58,0,0,0,0,4,0,87,87,41,46,31,34,0,0,0,81,57,17,89,0,0,0,0,69,60,0,0,0,0,0,5,30,10,0,0,0,61,89,42,49,21,0,90,90,100,82,0,0,0,31,0,41,85,33,0,24,0,0,59,28,0,0,0,100,0,57,62,31,32,0,48,50,0,0,0,0,0,24,66,45,78,91,0,0,7,47,33,100,13,74,32,56,0,15,0,48,30,70,71,0,0,43,0,0,39,10,0,0,0,0,62,61,0,61,0,49,0,0,0,69,0,0,0,0,100,0,29,0,0,0,0,0,28,61,0,0,0,0,0,0,0,89,0,0,0,61,0,0,0,39,45,59,46,0,0,0,0,0,36,0,0,34,0,0,89,0,0,39,100,0,49,36,0,0,92,42,47,42,31,0,0,83,0,0,49,55,79,0,24,8,0,0,0,24,55,56,0,0,0,0,43,41,0,0,38,0,0,0,0,16,43,0,0,0,15,89,0,26,0,20,38,0,0,0,0,0,0,0,0,28,47,0,40,0,46,90,50,0,0,0,90,0,0,41,0,0,0,30,0,25,28,49,0,93,47,58,0,0,0,38,0,14,33,100,74,0,88
2020/3/1,,35,0,63,54,56,0,0,26,58,49,52,0,68,100,40,50,0,0,40,91,37,87,0,82,19,41,26,77,90,0,60,45,0,21,36,12,62,35,52,0,39,26,37,64,90,58,28,0,91,0,47,85,98,64,46,78,46,61,46,19,82,83,0,34,49,0,0,0,0,0,60,21,30,0,82,31,31,84,43,28,92,0,37,0,70,0,0,0,0,21,0,67,0,71,70,43,0,0,91,39,17,56,63,0,0,52,0,0,44,40,0,0,35,43,0,36,0,0,0,36,34,38,27,0,0,50,99,31,66,42,0,34,0,31,0,59,56,22,31,0,18,29,63,0,63,0,19,53,26,15,43,0,90,0,64,0,0,0,0,44,0,38,0,46,0,0,75,0,93,63,91,0,0,0,9,0,0,72,41,0,0,34,0,0,0,0,27,15,0,26,31,0,91,60,75,0,0,0,26,0,9,30,10,0,0,0,55,0,0,0,26,0,0,0,0,70,44,0,0,41,8,31,42,16,30,24,0,32,72,57,59,46,0,0,0,94,77,20,0,0,32,50,100,0,0,0,43,0,53,0,31,0,93,0,17,0,26,0,13,80,64,71,0,31,45,32,60,64,88,0,0,32,0,37,77,14,0,0,0,0,60,60,0,61,0,54,0,42,0,46,0,0,34,0,63,0,29,0,0,0,0,0,28,48,0,0,0,0,0,31,0,53,0,0,0,71,0,0,0,38,0,65,0,0,0,87,0,0,45,22,93,33,0,0,0,0,0,39,0,0,48,0,0,0,0,56,45,67,59,0,0,18,0,0,0,35,42,0,20,7,0,0,0,24,62,64,0,0,0,0,64,0,0,0,0,45,0,0,0,0,0,48,0,0,0,89,0,24,0,10,0,0,40,89,8,0,0,0,0,49,39,0,18,0,0,66,0,0,0,0,0,0,48,41,0,90,44,54,85,14,28,51,0,0,0,48,0,0,0,40,0,0,17,82,20,0,88
2020/3/8,,42,45,62,43,57,0,0,26,71,49,52,0,0,0,56,50,49,0,68,46,74,87,0,68,19,47,63,71,0,44,64,48,88,32,53,11,67,42,41,0,44,22,22,64,0,51,27,93,0,81,71,58,100,66,83,75,66,31,46,38,41,36,0,23,48,0,0,64,0,0,40,90,36,0,27,23,0,64,37,28,37,32,41,66,63,0,37,91,0,8,96,48,0,67,53,48,0,0,0,0,20,48,32,95,0,53,0,0,88,40,44,0,32,38,46,49,0,43,0,0,34,0,36,45,0,49,60,31,0,46,0,34,0,0,0,65,23,24,46,0,28,29,83,0,75,0,25,54,0,17,0,0,57,0,48,0,0,0,0,100,0,19,0,46,43,0,64,0,0,31,0,0,0,0,9,95,0,52,0,0,30,68,0,0,0,0,31,18,45,0,62,88,0,58,45,0,0,90,26,0,6,30,10,0,44,0,43,0,42,0,26,0,0,0,0,47,0,0,45,71,0,41,78,41,75,24,46,99,56,61,0,45,0,65,0,37,70,20,32,0,0,50,0,0,0,0,0,24,79,0,31,91,0,0,17,46,23,0,11,66,32,46,0,21,44,38,76,98,69,0,0,57,0,0,39,23,0,0,93,0,60,61,0,0,0,50,0,21,0,69,0,0,68,0,99,0,29,0,0,0,0,0,54,24,0,0,0,0,0,31,0,40,87,0,0,56,0,0,0,44,0,61,0,0,0,0,0,0,38,22,0,29,0,0,0,0,0,48,0,44,0,72,0,0,0,63,40,46,44,0,0,18,0,0,0,54,47,0,12,18,92,0,0,24,55,52,0,0,81,0,43,0,0,96,0,91,100,0,0,32,43,48,0,0,0,0,100,20,0,42,39,0,0,90,6,0,68,0,0,28,62,96,29,0,0,96,100,0,0,0,0,0,0,18,0,0,0,60,0,21,57,31,0,0,47,38,0,0,0,65,48,23,16,73,54,0,0
2020/3/15,,64,59,63,79,83,89,65,25,72,0,66,45,90,98,66,0,0,0,100,0,78,0,0,53,30,50,99,57,89,43,100,50,0,32,35,15,48,63,40,0,51,22,0,31,90,43,27,0,0,81,100,47,33,70,0,92,60,90,30,19,54,0,46,34,48,0,81,0,0,44,47,61,63,0,27,30,0,54,12,0,36,63,47,0,44,0,36,88,0,20,31,28,0,70,35,47,0,0,0,39,15,99,94,0,0,51,0,0,44,0,0,0,30,66,0,54,90,0,94,36,23,0,18,0,80,59,49,0,65,41,0,0,100,31,0,40,0,28,0,0,63,74,64,0,48,35,32,42,0,15,43,0,52,92,54,0,52,0,0,60,0,19,0,45,0,88,32,0,0,98,0,0,100,0,9,0,0,37,0,46,0,100,0,0,0,79,33,23,44,25,61,0,0,74,29,0,46,0,26,0,8,62,30,0,0,0,67,86,0,32,27,0,0,89,0,35,0,0,0,100,0,20,54,16,30,0,0,32,52,28,0,0,0,0,0,32,53,100,0,0,0,50,0,91,0,87,0,48,52,0,46,0,0,0,100,0,40,0,10,59,0,25,0,25,88,43,40,47,58,0,0,78,0,0,38,20,43,0,0,0,63,20,0,61,32,43,0,52,0,23,0,0,34,0,37,36,0,0,0,0,0,54,64,54,0,93,0,0,0,30,0,61,0,0,0,78,0,0,0,74,0,72,0,0,88,0,0,95,48,22,0,100,0,0,0,0,0,46,0,0,0,0,0,0,0,21,58,38,62,79,0,29,0,0,48,31,62,0,27,23,90,0,0,36,68,85,0,0,0,0,42,0,0,0,38,0,98,0,0,0,0,71,0,0,14,87,0,27,0,100,38,0,0,0,6,90,89,54,0,7,23,0,21,0,0,74,0,0,31,0,88,0,0,58,0,0,0,68,0,14,28,30,0,0,69,19,86,0,0,47,0,23,66,62,48,0,0
2020/3/22,,72,43,75,31,93,86,31,0,90,0,49,29,87,48,68,0,0,88,92,44,35,42,0,63,29,54,100,71,0,0,65,58,0,26,85,17,80,75,33,0,58,33,21,30,87,53,40,0,0,78,56,36,63,100,44,100,44,29,59,18,66,46,0,22,46,0,78,0,0,0,46,29,72,0,26,44,0,76,15,0,35,0,59,0,59,0,0,0,0,27,30,37,42,62,50,46,0,82,0,0,14,79,30,0,42,0,0,0,43,38,85,0,22,58,0,82,0,42,0,69,22,36,34,0,0,70,52,29,63,64,0,33,97,0,0,24,0,21,29,0,70,83,71,40,37,34,23,0,25,14,0,0,26,0,57,0,0,0,0,53,0,27,0,0,0,0,41,0,0,65,0,38,0,51,0,0,0,47,0,87,29,32,0,0,0,0,50,25,43,25,30,0,0,89,29,0,44,0,26,0,8,0,19,0,0,0,53,0,41,31,27,0,0,0,0,0,43,0,44,73,7,40,35,12,0,23,0,0,69,32,57,44,0,63,0,23,89,59,46,0,30,56,0,0,0,84,0,0,25,0,30,0,0,0,27,0,34,0,15,61,0,30,0,18,43,23,58,31,55,0,0,65,0,35,37,12,0,0,0,0,85,52,0,59,0,39,0,0,0,22,0,0,33,0,48,35,21,0,99,0,0,52,40,75,0,0,0,0,0,0,91,74,0,0,86,89,0,0,0,65,43,66,0,0,0,0,0,0,20,21,0,26,0,0,0,0,0,48,0,0,0,35,85,0,0,27,64,98,72,0,0,34,0,0,0,37,60,0,38,16,0,0,0,23,59,36,0,0,78,0,41,0,0,0,37,0,0,0,0,15,0,0,0,0,0,0,0,33,0,41,37,0,0,0,0,0,0,52,0,34,37,0,21,0,0,45,48,0,0,0,0,0,46,34,0,0,0,67,0,100,54,64,0,0,0,18,0,0,0,24,0,20,48,61,33,0,0
2020/3/29,,81,0,72,45,94,0,30,0,100,0,76,28,63,0,67,46,46,0,79,57,43,0,0,84,32,62,73,80,84,0,52,47,0,40,100,14,84,79,24,0,70,68,55,30,84,50,51,0,0,0,46,35,0,91,26,96,62,71,28,0,50,33,0,86,68,0,0,0,48,0,67,18,67,0,50,57,48,78,12,26,57,0,69,0,45,0,34,0,85,55,59,44,0,51,32,64,0,100,0,0,23,65,0,88,0,98,0,0,42,0,41,0,28,56,0,65,85,0,0,0,43,35,0,41,76,67,71,28,62,57,0,65,0,0,61,22,42,19,29,100,47,38,71,39,33,100,30,20,25,18,41,0,46,85,55,0,0,0,0,62,0,35,0,0,0,0,26,0,0,54,0,0,93,0,4,0,0,60,38,0,0,62,0,0,0,74,44,27,42,24,38,0,0,79,28,0,0,0,37,0,5,0,28,0,0,0,57,0,0,91,28,0,0,0,0,44,43,0,0,47,0,38,11,27,28,0,0,30,85,48,0,43,0,31,0,49,54,0,60,41,0,23,0,85,0,81,41,0,49,0,29,0,0,0,29,0,26,0,13,58,59,14,0,19,0,23,84,25,51,0,0,100,0,0,36,8,0,0,0,0,85,12,0,0,30,47,0,39,0,21,0,0,32,0,23,34,20,42,0,0,0,51,47,17,0,0,0,0,0,57,0,58,0,0,0,91,0,0,0,60,0,84,0,0,0,81,0,0,17,0,0,17,0,0,0,0,0,59,0,41,0,100,0,0,0,19,70,26,72,75,0,16,0,0,46,43,44,49,22,13,0,0,0,0,57,32,85,0,0,0,60,0,0,0,36,0,0,0,0,15,0,0,0,0,0,0,0,34,0,21,0,0,0,0,10,0,42,50,0,10,0,0,47,0,0,74,46,0,30,90,0,0,0,24,0,0,0,88,0,20,26,57,0,0,43,13,0,0,86,59,0,21,100,51,50,0,82
2020/4/5,,77,43,74,72,100,0,0,25,71,47,57,44,43,0,100,0,48,0,72,29,44,0,0,100,31,66,78,69,86,0,59,53,0,15,51,30,89,79,17,0,72,68,14,34,0,59,66,0,0,79,43,46,32,85,26,96,76,29,78,27,53,68,0,44,23,0,0,0,0,0,61,25,72,0,26,29,45,68,24,55,35,31,59,43,52,0,0,0,0,30,61,46,0,76,34,46,0,41,0,0,22,50,31,0,42,100,0,50,0,0,0,0,23,63,0,66,0,42,0,0,22,36,60,42,78,81,37,0,32,56,0,50,0,0,0,17,54,14,29,0,40,67,71,0,26,0,28,31,0,17,0,88,45,89,57,0,0,0,0,48,0,18,0,0,0,0,55,0,0,75,0,39,0,0,0,0,0,57,0,44,0,33,88,0,0,0,26,24,43,25,30,84,0,90,24,0,0,0,25,0,8,0,19,0,0,0,58,0,0,31,41,0,85,0,0,0,0,0,43,58,7,69,12,8,0,35,43,31,50,63,0,87,0,63,0,39,37,0,31,0,30,36,0,0,0,0,0,23,76,0,90,0,0,0,30,0,36,0,13,62,30,15,0,30,64,31,48,18,91,0,0,76,0,0,37,12,0,0,0,0,89,32,0,59,0,43,0,20,0,22,100,0,33,0,24,35,14,0,0,0,100,0,89,58,0,0,0,0,0,59,0,93,0,0,0,70,0,0,0,55,0,77,44,0,0,0,0,0,38,21,0,23,0,0,0,0,0,52,96,0,0,0,0,0,0,27,100,20,66,0,0,17,0,0,0,52,90,0,26,18,0,0,0,0,66,29,0,0,0,0,0,40,85,0,0,0,0,0,0,15,0,0,0,0,0,0,0,33,0,31,0,0,39,0,0,43,43,52,0,41,45,0,31,0,0,99,0,0,0,0,0,0,46,22,100,0,0,81,0,10,41,64,0,0,44,0,83,0,0,36,0,39,63,52,91,0,0
2020/4/12,,82,0,73,79,97,0,45,24,84,0,48,70,42,46,75,0,0,0,66,0,67,40,0,97,30,67,90,90,83,0,53,63,0,25,66,21,60,76,24,0,71,86,20,69,0,61,25,85,0,0,59,69,0,86,68,94,66,28,28,18,38,22,43,21,33,0,0,0,0,41,37,20,82,100,25,35,29,69,11,26,34,0,71,0,59,0,34,83,0,17,44,18,0,80,32,74,0,40,0,0,19,48,0,0,0,48,0,0,41,0,81,0,34,56,0,48,0,40,0,100,42,52,0,41,0,59,61,28,0,70,0,53,0,29,60,22,31,16,0,0,30,16,68,58,33,66,40,59,0,24,40,0,76,0,37,0,0,0,0,56,0,18,0,0,0,0,43,0,0,87,0,37,0,0,6,0,0,66,0,0,0,62,83,0,0,0,43,22,41,24,28,0,0,87,37,0,0,0,0,0,6,100,18,0,0,0,38,0,39,0,49,0,0,84,91,0,41,0,42,47,7,38,44,38,0,22,0,30,50,22,55,0,42,45,0,71,50,19,60,41,29,23,0,0,0,0,0,22,36,0,29,0,0,0,29,0,25,0,6,58,44,21,0,25,41,37,83,19,77,0,0,69,0,34,36,8,0,0,0,0,100,74,0,0,30,48,0,19,0,21,0,89,32,0,23,0,20,0,0,0,0,100,73,61,0,0,0,0,0,0,0,83,0,0,0,89,100,0,74,61,0,82,0,0,0,80,0,0,54,41,0,20,0,0,0,0,0,46,0,0,0,0,82,0,0,71,85,16,72,0,0,22,0,0,0,75,48,49,22,22,0,0,0,22,50,27,0,0,76,0,39,0,0,0,52,0,0,83,0,22,0,0,0,0,0,0,0,39,0,30,53,0,0,0,5,0,0,0,0,26,21,0,60,0,0,71,46,0,29,0,0,0,0,24,0,0,0,69,0,13,26,85,0,86,0,13,0,0,0,63,0,34,31,59,76,91,0
2020/4/19,,73,0,69,29,86,0,59,0,59,0,34,0,41,0,64,45,0,0,50,84,25,40,0,78,26,92,51,75,0,0,47,46,0,25,43,13,82,68,63,0,76,76,40,48,0,71,50,0,84,74,72,43,90,82,17,91,100,41,28,17,37,22,0,0,22,0,0,0,47,0,73,9,68,0,25,35,28,64,14,0,33,29,60,0,61,0,33,0,0,12,29,52,0,67,32,34,0,78,0,0,23,39,29,0,0,48,0,0,40,36,0,0,36,64,42,41,0,0,0,33,42,51,41,0,0,66,80,28,60,47,0,63,0,0,30,18,20,18,28,0,21,100,75,0,29,32,30,49,0,22,0,0,36,0,33,0,0,0,0,66,33,52,100,41,0,0,68,0,0,33,0,0,93,0,8,0,0,74,0,0,0,31,0,0,0,73,37,20,61,0,28,80,82,65,41,0,42,0,0,0,8,29,27,0,0,0,50,0,77,44,44,0,81,0,0,21,0,0,0,74,0,37,44,11,55,22,0,0,50,47,0,42,0,30,0,37,49,19,29,0,0,23,0,84,0,0,0,44,48,0,0,0,0,0,22,0,32,0,15,55,29,28,0,40,41,39,55,16,68,0,0,59,0,100,70,9,0,0,0,0,94,37,0,56,29,42,0,19,0,0,0,0,62,0,34,100,13,0,0,0,0,50,56,66,0,0,0,0,0,56,0,64,0,0,0,79,0,0,73,50,0,70,42,0,0,79,0,0,44,0,0,16,41,0,0,0,0,36,0,0,0,49,0,0,0,70,97,26,40,0,0,27,0,0,0,53,100,0,43,15,0,0,0,22,53,25,0,84,0,0,39,0,0,0,34,0,0,81,0,15,0,0,0,0,0,81,0,44,0,38,0,0,0,0,0,0,82,74,0,19,43,87,26,0,0,88,0,0,0,0,0,0,44,32,0,0,0,90,0,11,51,49,0,0,85,13,0,0,0,44,0,29,38,41,33,0,0
2020/4/26,,73,41,69,39,90,0,60,94,60,0,54,56,83,45,72,0,0,0,56,84,25,0,0,88,26,91,57,61,0,53,53,48,0,20,65,17,100,67,16,0,88,79,20,39,84,70,25,0,0,0,61,68,0,84,42,88,77,56,28,0,75,22,0,42,44,83,75,0,0,0,55,15,65,0,42,49,48,68,24,52,34,29,74,0,73,0,0,0,0,16,29,0,40,51,48,78,0,0,0,0,20,60,58,87,40,48,0,0,41,0,0,0,26,39,42,56,0,0,0,33,42,69,0,0,75,66,60,0,30,57,0,74,93,100,0,28,41,21,0,0,13,27,94,0,23,33,27,20,24,18,40,0,34,0,33,0,0,0,0,40,100,17,0,42,0,0,13,0,0,72,0,0,0,0,4,0,0,68,38,42,0,31,0,0,0,0,39,22,0,24,28,0,0,90,41,0,0,82,24,0,3,84,14,0,39,0,56,81,0,30,35,0,0,0,0,32,40,0,42,46,7,38,28,23,0,22,0,30,52,39,0,0,0,30,0,60,21,19,59,81,29,23,0,0,0,81,0,22,36,0,0,0,0,0,32,0,36,0,6,61,58,14,0,38,41,52,41,39,80,0,0,49,0,0,53,9,0,0,0,0,90,12,0,0,0,54,0,19,0,21,0,0,31,0,46,0,13,0,0,0,0,0,75,50,0,0,0,0,0,28,0,73,0,0,83,72,0,0,0,48,41,60,42,0,0,80,0,0,26,0,0,18,0,0,0,0,0,46,46,0,44,33,0,0,0,26,69,13,57,74,0,22,0,0,0,43,43,49,33,18,0,0,0,0,47,40,0,0,0,0,39,0,0,0,87,41,0,82,0,15,40,44,0,0,13,0,0,51,0,27,0,100,0,0,0,0,41,0,0,19,21,0,33,0,0,88,46,0,0,0,0,0,44,27,0,0,0,100,0,26,26,66,0,0,42,18,0,0,0,44,0,25,83,67,58,0,80
2020/5/3,,67,42,65,50,84,0,60,0,58,45,75,28,0,46,52,0,0,0,57,28,85,40,0,87,27,82,45,63,0,0,51,56,0,30,33,14,64,62,32,0,100,76,13,39,0,71,26,0,0,0,80,59,31,86,17,87,52,0,42,18,50,22,0,63,45,0,0,0,0,0,22,15,64,0,100,49,29,75,15,53,34,0,79,41,80,0,100,0,0,16,59,35,40,67,96,49,0,0,85,0,21,60,29,0,0,48,0,0,0,0,61,0,34,49,43,41,0,0,87,33,42,0,50,40,0,64,66,57,30,59,0,48,94,29,0,29,42,20,0,0,21,59,66,77,27,33,29,20,0,25,40,0,51,0,42,0,73,0,0,72,0,44,0,0,40,0,46,0,0,68,0,37,0,0,4,0,0,68,37,86,0,31,0,0,0,0,50,19,41,24,57,0,0,76,28,0,0,0,0,0,4,29,23,0,0,79,57,81,39,45,58,0,0,0,0,32,40,0,84,57,14,57,56,30,0,0,0,45,68,17,0,42,0,45,0,41,64,19,0,0,29,58,0,0,0,0,40,0,36,0,0,0,0,0,23,0,30,93,9,56,0,14,0,44,41,60,46,25,81,0,0,80,0,0,53,10,0,86,0,0,88,50,0,57,59,45,0,19,0,21,0,0,32,0,46,0,0,0,0,0,0,0,42,56,85,0,0,0,0,29,0,100,0,0,0,75,0,0,0,46,0,62,42,0,0,0,89,0,38,41,0,14,0,0,0,0,0,43,46,0,0,33,0,0,0,32,62,33,60,74,0,22,0,0,0,43,29,0,40,22,0,0,0,44,63,38,0,0,0,0,39,0,0,0,52,0,0,0,41,22,40,0,0,0,33,83,0,46,0,45,0,0,0,83,0,0,42,100,0,59,43,0,20,0,0,91,0,0,29,0,0,0,44,33,0,0,0,83,0,10,26,73,0,0,43,20,0,0,0,58,0,25,61,17,81,0,80
2020/5/10,,60,43,66,61,79,0,62,61,82,0,42,58,43,48,72,0,0,0,84,87,44,0,0,87,28,77,35,70,0,41,49,43,0,21,34,13,53,62,58,0,75,44,14,40,0,67,39,88,0,0,41,86,31,77,0,88,78,29,29,18,78,23,0,54,34,0,0,41,49,0,46,9,59,52,39,51,30,64,9,0,35,30,46,0,85,0,0,0,0,11,61,27,0,60,100,61,0,41,0,0,20,87,0,0,42,50,0,50,42,0,0,0,32,50,44,40,0,41,0,0,33,36,43,0,0,67,47,0,31,56,0,49,0,0,0,25,22,22,58,0,9,28,78,100,34,0,28,0,25,23,42,88,37,0,41,90,100,0,0,37,34,63,0,0,41,0,61,0,0,75,87,0,0,100,4,0,0,84,0,88,88,0,0,0,0,76,49,19,42,24,0,0,0,82,38,0,0,0,100,0,5,0,28,0,0,0,46,0,41,0,46,0,0,86,0,0,0,0,43,43,14,59,52,31,0,23,0,31,54,49,0,43,43,62,0,62,99,39,31,0,60,24,95,88,0,0,0,23,100,0,30,0,0,0,40,45,36,0,11,56,0,24,0,38,43,51,67,24,72,0,0,65,0,0,73,10,0,0,0,0,87,26,0,0,61,41,0,100,0,0,0,91,33,0,24,35,28,0,0,0,99,0,29,46,0,0,0,0,0,44,0,57,0,0,0,76,0,0,0,50,0,69,44,0,0,83,0,0,24,0,0,29,0,88,0,0,0,55,47,0,46,51,84,87,0,20,58,37,68,0,0,45,0,0,0,66,30,0,34,15,0,99,0,23,91,29,0,0,0,0,61,0,85,92,36,0,0,0,0,61,0,0,0,0,28,0,0,43,86,31,73,0,77,0,0,43,0,0,0,23,44,0,20,0,0,74,0,0,30,0,0,0,0,59,0,0,0,80,0,7,53,49,0,0,44,18,0,0,0,69,0,20,87,43,51,0,0
2020/5/17,,61,0,67,31,85,0,31,49,85,47,70,87,0,48,60,0,0,0,61,44,87,42,0,89,26,94,31,64,0,0,53,48,0,26,68,14,46,60,41,0,91,46,14,20,0,75,26,87,0,77,35,35,63,82,17,92,49,29,44,18,26,0,0,22,45,0,0,0,0,0,46,9,62,0,43,65,44,51,16,55,35,0,84,0,96,0,34,0,0,19,41,36,0,69,50,51,0,0,0,0,25,29,0,0,0,49,0,100,0,38,0,0,31,38,0,50,87,0,91,0,65,72,34,43,0,57,42,0,0,50,0,66,0,30,0,34,43,21,29,0,26,49,54,0,29,34,26,82,25,25,0,0,41,0,52,0,0,0,0,37,34,18,0,0,0,0,30,0,0,100,0,38,0,0,4,0,0,74,39,0,0,32,0,0,0,0,49,21,42,24,30,0,0,71,43,0,0,0,26,0,6,0,10,0,79,0,47,0,0,46,38,0,0,0,0,22,0,0,0,58,14,99,40,27,0,23,0,94,45,13,0,44,0,62,0,35,44,19,31,0,0,24,0,0,0,0,42,0,50,0,30,0,0,0,20,0,36,0,10,57,30,15,0,34,43,46,72,36,74,0,0,48,0,0,75,10,0,0,0,0,86,38,0,58,0,44,0,30,0,0,0,0,0,0,24,0,0,0,0,44,0,0,37,35,0,0,0,0,0,29,0,59,0,0,0,70,0,0,77,53,0,66,44,0,0,0,0,0,29,0,0,23,0,0,0,0,0,57,0,0,0,0,84,86,0,13,88,30,89,0,100,28,0,0,0,33,45,100,37,14,0,0,0,0,55,58,0,0,0,0,82,0,0,92,36,43,0,0,0,15,0,0,0,0,28,0,0,54,0,34,37,0,0,0,0,0,42,0,0,17,34,0,72,0,0,87,0,0,0,0,0,0,0,50,0,0,0,85,0,7,94,46,0,90,0,14,0,100,0,74,0,22,63,43,56,0,83
2020/5/24,,60,0,66,84,78,0,0,25,78,0,50,88,0,0,53,0,0,0,56,44,35,0,0,86,27,100,38,54,0,43,44,57,0,36,34,15,50,72,42,0,90,44,14,41,0,50,67,0,0,0,17,41,32,93,36,81,59,59,50,0,53,23,0,44,0,0,0,0,100,0,31,16,56,0,39,59,0,75,13,0,36,0,74,43,97,0,0,0,0,16,31,56,0,60,51,15,0,0,0,0,22,50,46,0,42,51,0,0,72,0,43,88,42,52,0,47,87,63,0,0,67,37,61,0,0,61,69,29,64,62,0,50,0,0,32,32,0,24,0,0,13,11,55,40,36,69,33,21,0,29,85,0,36,90,51,0,51,0,0,32,36,37,0,0,0,0,65,0,0,76,0,0,0,0,6,0,0,73,40,0,60,33,0,0,0,0,62,20,43,100,45,0,0,79,14,84,0,0,26,0,8,61,29,0,0,0,38,88,0,31,37,0,0,0,0,23,0,0,0,88,7,20,100,20,29,0,0,32,42,55,0,0,0,32,0,36,83,20,93,43,31,24,0,91,0,0,0,35,25,0,30,0,0,0,20,0,31,0,7,58,31,30,0,32,0,42,68,42,85,100,0,62,0,0,38,8,0,0,0,0,82,33,0,0,31,44,0,20,0,0,0,0,100,0,0,0,28,0,0,0,0,52,57,29,0,0,0,0,100,0,0,62,85,0,0,87,0,0,0,48,0,52,0,0,0,0,0,0,20,42,0,20,0,0,0,0,0,49,0,0,47,35,0,0,0,40,84,51,51,0,0,40,0,0,0,23,31,0,27,9,0,0,0,23,86,45,0,0,0,0,41,0,0,0,55,0,0,0,0,16,0,47,0,0,0,0,0,43,0,35,0,0,0,0,5,44,43,0,0,20,23,0,31,0,0,75,0,0,0,0,0,0,47,51,0,87,0,48,0,14,27,50,0,0,0,21,0,0,0,61,0,36,24,36,43,0,0
2020/5/31,,54,0,59,76,69,0,0,24,42,46,49,58,0,0,58,0,0,0,78,0,40,0,0,81,25,80,44,70,0,0,41,40,0,41,34,14,37,59,22,0,80,33,0,40,0,66,26,0,0,77,12,45,31,78,52,85,41,57,29,18,26,34,0,0,34,0,0,0,49,0,57,11,48,0,34,22,29,55,20,27,52,0,71,41,81,0,0,0,0,20,61,18,0,55,0,56,0,0,0,0,25,57,0,0,41,0,0,0,42,0,41,0,37,48,0,40,0,83,0,0,43,71,42,41,78,100,57,29,63,45,0,49,0,0,0,41,21,22,0,0,69,27,78,0,37,0,38,61,100,19,0,0,37,0,36,0,50,0,0,58,68,54,0,0,0,0,54,0,0,45,0,38,0,0,0,0,81,73,0,65,29,0,0,0,0,0,40,18,42,0,29,0,0,76,47,0,0,0,52,0,5,0,14,0,0,0,65,0,0,31,34,0,0,85,0,45,0,0,43,38,7,58,80,43,0,46,0,46,66,40,0,87,0,0,0,31,88,19,76,0,0,24,0,0,0,0,0,34,0,42,59,0,0,0,43,0,35,0,6,53,30,14,0,34,42,41,43,37,76,0,0,64,0,0,0,14,0,0,0,0,70,64,0,58,31,45,0,40,0,0,0,0,33,0,24,52,14,0,98,0,0,0,53,29,0,0,0,0,0,29,0,90,0,0,0,71,0,0,76,43,0,59,44,0,84,0,0,0,23,21,0,20,43,0,0,0,0,51,47,0,0,34,0,0,0,53,89,13,82,0,0,22,0,0,0,44,50,0,45,15,0,0,0,23,91,92,0,87,0,0,81,0,0,0,36,0,0,0,0,15,0,0,100,0,14,85,0,37,0,40,36,0,38,0,5,43,43,0,85,23,33,0,24,0,0,73,0,0,0,0,0,0,0,39,0,0,0,28,0,9,27,44,87,0,0,13,83,0,0,76,0,20,63,17,69,0,0
2020/6/7,,59,58,64,31,74,0,63,100,56,0,100,44,44,0,51,0,48,0,61,44,77,42,0,85,26,76,58,63,0,0,56,53,0,26,35,14,63,55,0,0,79,74,21,21,0,70,27,0,0,79,8,46,0,76,53,90,44,0,29,28,0,35,0,44,47,0,0,42,0,0,35,25,58,0,66,15,30,75,12,28,71,31,72,0,78,0,35,86,0,14,31,46,0,68,34,72,0,0,0,0,22,55,31,0,0,0,0,0,0,39,43,0,39,51,0,72,0,42,0,35,33,37,17,42,80,61,69,0,63,58,0,100,0,0,0,45,22,23,59,0,31,45,63,0,39,35,45,21,25,23,0,0,44,0,62,0,51,0,0,27,35,55,0,0,0,0,62,0,0,35,0,0,0,0,4,0,84,94,0,0,0,0,0,0,0,78,46,16,0,25,30,0,0,82,34,0,0,0,0,0,12,31,10,0,0,87,63,0,40,31,30,0,0,88,0,0,0,0,44,49,0,100,76,8,0,0,44,32,49,23,0,44,0,32,0,47,45,59,47,43,0,24,0,0,0,0,0,47,76,0,45,0,0,0,30,0,25,97,19,57,62,15,0,22,43,68,58,55,83,0,94,55,0,35,75,100,0,0,0,0,75,20,0,59,0,34,0,31,0,44,0,0,33,0,72,35,28,0,100,0,0,0,35,76,0,0,0,0,0,30,0,66,0,0,0,62,0,0,78,50,44,64,0,0,0,0,0,93,22,32,0,30,0,0,0,0,0,41,0,0,94,35,0,0,0,61,61,14,48,0,0,34,0,0,0,30,31,0,34,18,0,100,0,23,79,100,0,0,79,0,41,0,0,0,37,0,0,0,0,16,0,47,0,100,0,0,0,34,0,47,0,0,0,0,5,0,43,0,0,17,45,0,49,0,0,89,49,0,31,0,0,0,0,40,0,0,0,58,0,7,54,45,0,0,45,0,0,0,0,100,0,44,72,44,80,0,85
2020/6/14,,55,45,65,32,72,91,33,90,79,0,96,31,45,50,55,50,100,0,73,31,18,44,0,76,25,73,42,76,90,0,85,51,88,22,36,15,44,58,26,0,76,97,29,22,0,69,56,0,0,82,15,59,99,80,37,87,51,30,31,19,54,24,0,57,48,0,0,0,0,0,72,17,59,0,0,69,31,61,14,0,49,32,64,0,80,0,0,0,0,9,32,58,0,69,53,37,0,0,0,0,25,48,96,95,0,0,0,0,44,0,44,0,45,48,46,67,0,88,95,54,0,0,18,0,0,51,77,31,100,46,0,35,0,0,33,51,23,25,0,0,18,52,63,0,58,71,24,43,0,20,0,0,45,0,46,0,53,0,0,34,36,77,0,0,0,0,57,0,0,100,0,0,0,53,7,0,88,82,41,46,31,51,0,0,0,0,51,16,0,26,31,0,0,71,40,0,0,90,0,0,7,63,21,0,0,0,49,88,43,32,32,93,0,0,0,47,0,0,0,30,8,31,42,37,30,25,0,33,45,43,0,90,0,49,0,41,47,21,33,0,0,25,0,92,0,0,0,0,53,0,94,0,0,0,24,47,35,0,7,58,32,16,0,29,90,27,70,59,92,0,0,50,0,0,58,52,0,0,0,0,74,40,0,0,0,43,0,21,0,46,0,0,0,0,38,0,44,0,0,0,0,0,40,79,0,0,0,0,0,31,0,60,0,0,0,55,0,0,0,51,0,72,46,0,89,0,0,0,29,66,0,20,0,0,0,0,0,39,0,0,0,0,0,0,0,35,47,25,78,0,0,35,0,0,0,23,42,0,32,14,0,0,0,24,52,78,0,92,0,0,43,0,0,0,38,0,0,91,0,16,87,48,0,0,15,0,0,29,0,36,39,0,0,90,0,0,45,0,0,35,0,0,47,0,0,68,0,93,0,0,0,0,0,65,0,0,0,60,0,40,56,33,0,0,47,14,0,0,0,81,48,18,25,18,54,0,0
2020/6/21,,51,0,73,66,70,0,100,26,85,50,45,31,92,0,53,0,0,0,55,31,31,0,0,83,23,70,33,69,0,89,50,48,0,27,36,14,82,49,18,0,73,100,45,29,0,47,42,0,0,0,22,22,100,73,28,85,49,31,41,29,42,36,0,35,24,0,0,0,0,0,20,14,50,0,28,15,63,66,13,29,37,65,100,0,89,0,0,0,0,14,33,39,0,79,71,43,0,0,0,0,100,70,0,0,0,53,0,0,0,0,0,0,37,45,0,44,92,44,0,37,23,0,64,90,83,54,72,0,50,51,0,70,0,0,100,34,0,25,78,0,19,47,69,0,38,0,32,44,0,27,0,0,52,94,73,0,0,0,0,23,37,19,56,0,0,0,43,0,0,64,0,41,0,0,5,0,88,88,83,47,0,0,0,0,0,0,42,16,0,26,31,0,0,87,30,0,0,0,0,0,6,32,25,0,44,0,65,0,43,65,43,0,0,0,0,36,45,0,0,62,100,21,49,21,31,25,0,50,65,29,0,46,0,34,0,25,71,21,0,0,0,25,0,0,0,91,44,24,53,0,64,0,0,0,21,0,28,0,16,59,0,16,0,36,0,60,51,47,68,0,100,55,0,0,0,6,44,0,0,0,68,27,0,0,0,40,0,64,0,0,0,98,52,0,25,37,15,0,0,0,0,0,46,31,0,0,0,0,0,31,0,56,0,0,0,64,0,0,0,49,0,70,0,0,0,0,0,0,23,22,0,20,0,0,91,0,0,36,0,0,0,37,0,93,0,42,68,57,63,82,0,24,0,0,0,95,96,0,100,14,0,0,62,0,70,51,0,0,83,0,43,0,0,0,58,0,0,91,0,41,0,49,0,0,15,0,0,38,0,30,0,0,0,0,6,0,0,0,0,36,36,0,22,0,0,43,51,0,32,0,0,0,0,18,0,0,0,35,0,7,100,55,0,0,47,19,0,0,0,84,0,33,34,56,64,0,89
2020/6/28,,54,0,62,34,73,0,34,0,89,0,61,31,0,0,55,0,51,0,68,47,50,0,0,81,22,86,48,70,93,0,47,67,0,39,49,100,65,51,30,0,79,98,15,66,0,61,29,0,0,0,11,38,0,80,28,87,48,31,32,39,0,74,0,24,25,0,0,0,54,0,37,10,50,56,28,32,64,51,14,29,38,33,72,46,81,0,0,92,0,16,99,40,0,66,54,44,0,45,0,40,41,54,0,0,0,0,0,0,93,0,0,0,35,57,0,35,0,45,0,0,24,39,56,0,84,64,56,0,0,57,0,0,0,32,50,35,47,29,63,0,14,66,82,43,35,0,30,33,0,18,0,0,41,0,69,0,82,0,0,46,0,20,0,0,0,0,44,0,0,43,95,41,0,54,5,0,0,91,0,0,32,0,0,0,0,0,47,17,0,26,48,91,0,76,31,0,0,0,0,0,10,0,21,0,45,0,54,0,0,33,25,0,0,94,0,24,0,0,47,47,16,0,13,17,31,51,0,67,38,29,0,0,0,34,0,59,88,21,33,46,65,26,0,96,0,91,0,25,27,46,32,0,0,0,14,0,32,0,7,62,33,16,0,28,46,39,93,39,83,0,0,30,0,0,0,6,0,0,0,0,69,49,0,0,33,57,0,22,0,24,0,0,0,0,26,0,30,0,0,0,0,0,87,50,0,0,0,92,0,32,0,64,0,0,0,48,0,0,0,47,0,75,0,0,0,90,0,0,17,45,0,13,46,0,0,0,0,100,0,0,0,37,0,0,0,79,76,36,64,0,0,24,0,0,0,36,0,0,53,15,0,0,0,0,67,63,0,0,0,0,0,42,0,0,39,0,0,0,0,0,45,0,0,0,15,0,0,29,0,34,100,0,0,0,0,47,46,0,0,51,32,0,30,0,0,46,0,0,0,0,0,0,0,82,0,0,0,56,0,7,72,40,0,0,0,15,0,0,97,65,74,14,34,28,45,0,0
2020/7/5,,49,0,67,33,70,0,67,26,57,51,61,47,47,51,57,0,51,0,43,32,63,0,93,100,23,74,29,68,0,0,68,59,0,100,74,14,69,46,36,0,65,78,0,44,94,64,100,0,0,0,13,88,0,66,19,81,53,0,47,20,28,25,0,24,25,0,0,0,0,0,54,32,45,0,28,63,0,57,10,0,0,0,52,0,79,0,38,0,0,9,33,20,0,62,54,38,0,0,0,40,41,54,65,0,0,54,0,0,0,41,45,0,41,48,0,42,0,0,0,0,23,39,56,46,0,55,73,32,0,47,0,83,0,0,34,39,23,28,31,0,19,54,67,43,44,37,34,0,0,23,45,0,49,0,64,0,0,0,100,23,0,20,0,0,0,0,51,0,0,92,0,42,0,0,0,0,0,74,0,48,0,35,0,0,0,82,44,16,46,26,32,0,0,79,26,0,0,0,0,0,10,31,31,0,44,0,50,0,44,100,25,0,0,0,0,24,0,0,0,47,0,21,31,47,0,25,0,50,60,29,0,0,0,34,0,38,96,21,67,0,0,26,0,0,0,0,45,25,27,0,64,0,0,0,22,0,40,0,14,59,0,16,0,28,46,100,78,34,90,0,0,52,0,38,100,6,0,0,0,0,78,35,0,95,0,48,0,22,0,24,0,0,0,0,26,0,15,0,0,0,0,56,41,100,0,0,0,0,0,47,98,77,0,0,0,64,0,0,0,45,0,78,0,0,0,90,0,0,16,23,0,12,0,0,0,0,0,81,0,0,100,56,0,95,0,29,63,62,55,83,0,18,0,100,0,36,65,0,89,15,0,0,0,0,56,60,0,0,0,0,0,0,92,0,39,47,0,0,0,17,0,49,0,0,15,0,0,92,0,24,40,0,0,0,0,0,46,0,0,22,24,0,33,0,0,58,52,96,33,0,0,0,0,48,0,0,0,31,0,11,58,45,0,0,0,15,0,0,0,36,0,14,43,28,60,0,0
2020/7/12,,49,0,67,67,73,0,0,53,76,0,53,32,46,0,44,0,0,0,68,32,44,0,0,75,31,61,43,59,0,0,49,56,0,61,37,14,62,49,54,91,57,62,15,29,0,69,29,0,0,85,11,49,34,94,76,82,34,0,32,30,56,50,0,24,25,0,0,0,0,0,70,15,50,0,42,16,0,78,10,0,0,0,64,46,84,0,0,0,0,13,33,30,0,83,74,28,0,0,0,41,33,49,33,0,0,0,0,0,47,0,45,0,41,44,0,45,0,0,0,0,70,39,28,46,0,56,51,32,0,67,0,36,0,32,0,35,23,30,32,0,9,90,56,0,39,0,36,66,41,22,45,0,32,0,44,0,0,0,0,34,37,69,0,0,0,0,92,0,0,71,0,41,0,0,9,0,90,93,0,48,31,35,0,0,0,0,62,17,46,0,32,0,93,100,31,0,0,0,28,0,7,32,21,0,0,0,56,95,0,34,25,0,0,0,0,36,0,0,0,53,8,32,56,34,0,25,47,100,71,29,0,0,46,0,96,42,40,62,0,45,0,26,0,0,0,0,45,25,81,0,97,92,0,0,36,0,26,0,10,55,66,16,0,36,47,67,78,34,65,0,0,67,0,38,40,13,0,0,0,0,78,63,0,0,34,42,0,22,0,24,0,0,35,0,0,37,0,0,0,0,0,0,70,63,0,0,0,0,0,32,0,78,0,0,0,68,0,0,0,45,0,69,0,0,0,0,0,0,23,46,0,22,0,0,0,0,0,69,0,0,0,0,93,0,0,57,45,11,39,0,0,12,0,0,0,48,54,0,49,14,0,0,0,49,46,33,0,0,0,0,44,0,0,0,79,0,0,0,0,33,45,0,0,0,0,0,0,100,0,37,40,0,0,0,0,47,46,0,0,15,0,0,48,0,0,73,52,0,33,0,0,0,100,30,0,0,0,36,0,10,86,80,0,0,49,0,0,0,0,60,0,35,17,76,45,0,0
2020/7/19,,46,47,66,68,69,0,0,54,74,0,62,32,0,53,57,52,52,0,59,32,77,46,0,82,29,62,27,63,0,0,67,43,0,34,75,16,70,48,18,0,59,76,15,34,96,69,0,0,0,0,11,67,35,88,77,82,62,0,0,100,29,63,0,48,25,0,0,45,55,0,80,20,45,57,43,24,0,75,12,60,58,0,46,0,92,0,0,0,0,100,51,50,0,69,0,62,0,0,0,0,27,55,0,0,0,0,0,0,94,42,0,0,39,44,49,63,0,0,0,38,36,0,66,47,86,60,81,0,70,59,0,54,0,0,34,42,71,31,32,0,14,24,81,44,59,37,100,0,0,12,0,0,46,0,80,0,0,0,0,18,38,100,0,48,0,0,45,0,0,60,0,42,0,56,0,0,0,59,0,48,0,71,0,0,0,0,40,16,0,0,65,0,0,91,21,0,49,0,0,0,100,0,11,0,0,0,57,93,45,34,43,0,0,95,0,0,0,100,0,32,0,43,57,35,0,26,0,34,70,40,63,0,0,35,0,47,57,21,34,47,0,26,0,0,0,0,0,38,28,0,33,95,0,0,15,0,41,0,21,57,33,16,0,37,47,57,53,34,74,0,0,45,0,0,41,17,0,0,0,0,76,35,100,0,0,39,0,22,0,0,0,0,36,0,26,0,15,0,0,0,0,0,18,83,0,0,0,0,0,48,100,67,0,0,0,72,0,0,0,40,0,75,0,0,0,0,0,0,14,0,0,33,47,0,0,0,0,45,0,0,0,0,93,96,0,29,89,22,46,0,0,31,0,0,0,61,33,56,29,13,0,0,64,25,50,51,0,0,0,0,0,0,94,0,100,0,0,0,0,17,46,0,0,0,0,0,0,34,0,62,81,0,0,0,0,0,47,0,0,30,25,0,42,0,0,67,0,0,100,0,0,0,51,56,0,94,0,55,0,7,44,70,0,0,49,15,91,0,0,85,0,22,35,19,41,0,92
2020/7/26,,44,0,68,68,68,0,34,27,85,0,54,95,47,52,52,0,0,0,66,80,45,0,0,89,33,59,32,54,0,46,52,48,0,28,37,14,83,46,18,0,65,78,0,45,0,58,57,0,0,85,13,56,34,86,19,78,37,0,0,69,100,100,0,72,50,0,0,45,0,0,67,20,43,0,0,40,0,67,12,30,39,100,67,0,74,0,0,0,0,41,67,41,0,58,37,28,0,0,0,0,31,95,100,99,0,55,0,0,46,0,0,0,22,48,0,44,0,46,0,0,24,0,37,0,0,43,63,0,34,51,0,72,0,0,0,40,23,23,32,0,19,42,75,0,34,0,45,45,0,14,45,0,33,96,60,0,55,0,0,0,38,30,0,0,0,0,67,0,0,60,0,42,0,0,5,0,0,70,43,0,0,0,0,0,0,84,51,16,47,0,0,0,95,95,31,0,48,0,55,0,35,32,20,0,0,0,51,95,46,0,24,0,0,0,0,0,0,0,0,48,0,32,32,43,32,26,0,68,49,39,0,47,0,0,0,34,41,21,51,46,67,53,0,0,0,0,0,26,0,47,65,95,0,0,18,0,32,0,9,58,0,16,0,24,70,62,48,44,76,0,0,52,0,0,81,13,0,0,0,0,70,28,0,0,34,50,0,22,0,24,0,100,36,0,26,38,23,0,0,47,0,0,32,44,0,0,0,0,0,64,0,79,0,0,94,63,0,0,0,39,0,68,0,0,0,0,0,0,24,34,0,8,0,0,0,0,0,55,0,0,0,76,0,0,0,22,55,37,71,0,0,31,0,0,0,36,33,0,33,17,0,0,0,100,36,49,0,0,0,0,45,0,0,0,100,47,0,93,0,17,0,0,0,0,15,0,0,36,0,24,61,0,42,95,0,95,47,0,95,37,25,0,45,0,0,59,0,0,0,0,0,0,0,49,0,0,0,36,0,10,59,56,0,0,0,22,0,0,0,61,0,34,26,19,66,0,0
2020/8/2,,47,0,66,33,66,0,68,53,82,51,38,32,47,0,63,0,0,0,53,32,48,0,0,72,37,55,27,67,0,0,60,55,0,67,37,15,60,45,30,93,54,83,31,33,0,100,0,0,0,85,13,50,34,100,48,82,53,0,42,49,28,25,0,48,50,0,0,0,0,0,42,29,41,56,38,24,0,69,16,59,0,50,52,0,100,0,38,0,0,7,50,69,0,61,73,50,0,0,0,0,29,59,0,0,0,54,0,0,92,0,0,0,26,49,0,41,0,90,0,0,36,0,47,46,0,55,63,0,34,65,0,0,0,0,34,43,70,22,64,0,24,42,71,0,40,37,26,22,55,19,45,0,33,0,52,0,55,0,0,29,0,30,0,47,0,93,52,0,0,54,0,0,0,55,5,99,0,67,0,0,48,35,0,0,0,0,38,17,46,27,32,0,0,85,36,0,48,0,0,0,10,33,26,0,0,0,60,0,90,67,39,0,0,0,0,24,0,0,47,47,16,96,56,30,0,25,0,34,63,29,0,47,0,34,0,57,64,21,34,0,0,78,0,95,0,0,68,42,55,0,49,94,0,0,22,0,29,0,7,57,33,16,0,32,93,28,31,44,81,0,0,67,0,0,0,21,0,0,0,0,66,49,0,0,34,44,0,55,0,0,0,0,0,0,26,38,15,47,0,0,0,0,47,50,0,0,0,0,0,0,0,71,0,0,94,57,0,0,0,36,0,75,48,0,0,0,0,100,14,0,0,17,46,0,0,0,0,44,0,0,0,37,0,0,0,36,41,62,42,0,0,31,0,0,0,24,32,55,37,25,0,0,0,25,57,62,0,0,0,0,67,0,0,0,0,0,0,0,0,25,0,100,0,0,15,0,0,36,0,34,0,0,0,0,0,0,0,0,0,33,24,100,22,0,0,71,0,0,0,0,0,0,50,55,0,0,0,23,0,15,29,74,0,0,48,0,0,0,0,57,0,14,43,38,96,0,0
2020/8/9,,42,46,72,100,65,0,0,79,70,0,46,31,0,0,53,0,0,0,67,0,28,45,0,82,35,61,41,59,0,0,68,57,0,44,37,14,36,43,36,0,57,76,0,0,0,75,0,0,0,84,9,44,0,90,57,77,39,31,32,59,56,25,48,24,100,0,0,44,0,0,33,19,40,0,42,39,48,60,13,29,0,33,56,46,88,0,0,0,0,19,49,50,0,75,0,33,0,0,0,0,33,58,33,0,45,0,0,0,46,0,0,0,30,39,48,39,0,45,0,75,24,78,65,0,0,50,68,32,51,49,0,36,0,0,34,34,23,21,32,0,47,54,68,0,45,37,23,22,27,11,45,0,57,0,52,0,0,0,0,63,37,69,0,0,0,0,51,0,0,32,0,0,0,55,7,0,0,67,0,48,32,35,0,0,0,0,39,16,0,0,0,0,0,71,41,0,0,0,0,0,7,0,16,0,0,0,78,0,0,33,56,0,0,94,0,24,47,0,47,47,8,85,68,13,0,25,0,34,76,39,0,47,0,34,0,51,64,21,0,0,49,26,0,0,0,0,45,100,68,46,32,0,0,0,32,0,27,0,16,59,33,0,0,24,62,33,62,51,83,0,0,52,0,38,40,19,0,0,0,0,69,35,0,0,100,39,0,22,0,0,0,100,0,0,52,0,15,46,0,0,0,56,58,31,0,0,0,0,0,32,0,48,0,0,0,88,0,0,0,36,0,64,48,0,0,0,0,99,26,23,0,12,46,0,0,0,0,58,0,0,50,37,0,0,0,29,54,62,71,0,0,18,0,0,0,48,32,0,41,16,0,0,0,50,78,40,0,0,0,0,88,0,0,0,0,0,0,0,0,33,0,0,0,0,30,0,0,32,0,34,0,0,42,0,0,47,0,0,0,18,36,0,44,0,0,68,0,0,0,0,0,0,50,18,0,0,0,26,0,15,58,74,95,0,48,44,0,0,0,47,0,19,77,28,45,0,0
2020/8/16,,43,0,71,33,63,0,33,52,94,100,38,93,46,51,70,51,0,0,49,0,50,45,0,73,100,60,26,59,0,44,32,57,0,44,36,16,64,46,36,0,59,56,15,36,0,73,70,0,93,0,11,22,34,96,66,81,47,31,31,19,28,49,0,23,37,0,0,0,0,0,49,19,37,0,56,47,48,64,14,0,56,0,67,45,73,0,37,0,0,16,32,59,0,66,48,44,0,0,0,100,38,44,0,0,45,53,0,0,45,0,0,0,23,44,47,43,0,44,0,0,70,77,46,91,84,60,67,0,0,57,100,35,0,0,33,38,46,27,31,0,19,35,78,0,57,73,23,0,27,17,44,0,36,0,61,0,54,0,0,40,37,58,0,0,0,91,44,0,0,56,0,41,0,54,7,0,0,65,42,47,94,69,0,0,0,0,40,17,0,26,0,0,0,71,46,0,0,0,0,0,5,0,21,100,43,0,52,0,45,0,33,0,0,0,0,24,0,0,0,52,8,21,68,25,31,50,0,0,52,14,61,0,0,0,0,31,71,21,0,45,32,34,0,93,0,0,44,37,40,0,32,0,0,0,11,0,32,0,7,56,33,0,0,38,45,39,46,51,74,0,0,84,0,38,40,6,0,0,0,0,67,14,0,0,0,40,0,32,94,0,0,0,0,0,38,0,0,0,0,0,0,0,35,25,0,0,0,0,0,31,0,59,89,0,0,74,0,0,0,33,0,66,0,0,0,0,0,0,25,0,0,13,0,0,91,0,0,78,51,0,49,37,0,0,0,50,42,25,60,82,0,30,0,0,0,48,48,0,20,12,0,0,0,25,73,73,0,0,0,0,0,0,0,0,78,0,0,0,45,41,0,49,0,0,0,0,0,37,0,47,39,0,0,0,100,0,92,0,0,7,36,0,37,0,0,74,0,0,0,100,0,0,0,30,0,0,0,23,0,11,43,65,0,0,48,29,0,0,0,39,0,28,51,46,70,100,0
2020/8/23,,42,0,73,64,72,0,32,0,78,0,44,0,45,0,65,0,0,0,54,30,18,43,0,70,55,51,25,63,89,0,63,44,0,27,53,13,69,41,69,0,57,69,22,21,0,67,55,0,91,81,9,100,33,85,36,83,35,0,30,19,54,36,46,0,83,0,0,0,51,0,12,12,38,0,27,23,0,65,11,0,37,32,39,0,54,0,0,0,0,11,32,66,0,57,69,42,0,0,0,0,34,86,31,0,0,0,0,52,44,40,44,91,19,41,0,57,0,43,0,0,23,75,36,44,81,65,43,30,33,55,0,68,0,31,32,38,0,30,30,0,9,52,54,42,32,35,21,42,26,14,43,91,33,91,50,0,52,0,0,33,0,38,54,0,0,0,56,0,0,68,0,40,0,0,0,0,86,55,0,92,0,33,0,0,0,0,39,17,44,25,31,0,0,70,34,0,0,89,27,0,6,31,19,0,0,0,48,0,0,32,18,0,0,0,0,46,0,0,67,60,11,21,54,16,30,0,0,32,60,52,0,0,0,65,91,28,69,20,32,0,0,100,0,92,0,0,43,32,65,0,31,90,0,0,10,0,36,0,23,54,0,30,0,21,44,96,40,41,74,0,0,75,0,0,77,18,0,0,0,0,61,100,0,61,0,84,0,0,0,0,0,0,0,0,25,36,0,0,0,0,0,0,25,36,0,0,0,0,0,0,0,70,0,0,0,80,0,0,0,36,0,72,46,0,0,0,0,0,22,22,0,8,45,0,0,0,0,61,0,0,48,36,0,0,0,41,71,28,80,0,0,41,0,0,0,38,0,53,47,18,0,0,0,24,75,41,0,90,0,0,85,40,0,0,38,0,0,0,0,80,0,0,0,0,0,88,0,33,0,13,0,0,0,88,19,0,45,0,0,14,31,0,29,0,0,88,0,0,0,0,0,0,96,26,0,0,0,39,0,7,28,79,93,0,61,43,0,0,0,53,0,23,25,18,48,0,0
2020/8/30,,40,0,69,74,63,0,0,0,60,0,34,0,0,0,72,0,0,0,57,69,84,100,0,77,40,56,69,54,0,100,56,50,0,0,0,14,53,41,100,0,59,63,34,0,0,76,64,0,0,0,15,72,0,97,42,82,81,70,0,0,0,55,0,53,56,0,0,0,0,0,73,22,38,0,62,0,0,79,16,0,85,0,45,100,57,0,0,0,0,19,0,44,100,66,0,49,0,0,0,0,26,100,0,0,100,0,0,0,0,0,100,0,26,46,0,28,0,100,0,0,0,86,41,100,0,70,100,0,0,39,0,78,0,0,0,40,0,39,69,0,0,27,78,0,31,82,16,49,0,12,100,0,36,0,71,0,0,0,0,51,0,43,0,0,100,0,89,0,0,90,0,92,0,0,0,0,0,53,95,0,0,0,0,0,0,0,54,16,0,0,0,0,0,78,23,0,0,0,0,0,8,72,23,0,100,0,67,0,100,74,16,0,0,0,0,0,0,0,0,70,17,46,54,19,0,0,0,0,40,22,0,0,0,0,0,56,71,46,74,100,0,57,0,0,0,0,100,55,59,100,71,0,0,0,48,0,100,0,15,52,0,47,0,29,0,55,0,33,83,0,0,33,0,0,89,28,100,0,0,0,62,61,0,0,0,63,0,0,0,0,0,0,0,0,0,0,100,0,0,0,0,0,45,27,0,0,0,0,0,0,0,50,0,0,0,65,0,0,0,35,0,67,0,0,0,0,0,0,7,100,0,11,0,0,0,0,0,55,0,100,0,83,0,0,0,32,41,16,64,0,0,54,0,0,0,0,0,0,36,13,0,0,0,0,62,30,0,0,0,0,0,0,0,0,87,0,0,0,100,36,100,0,0,0,100,0,0,26,0,22,0,0,0,0,13,0,0,0,0,48,54,0,25,0,0,38,0,0,73,0,0,0,0,40,0,0,100,67,0,0,96,53,0,0,0,0,0,0,0,40,0,62,57,62,56,0,0